isbn,title,author,publisher,year,stock
614689398-6,"Glenn, the Flying Robot",Yoko Sprason,Keeling Inc,1993,42
972662158-5,Wicked Blood,Trina Mirfin,"Mann, Gerlach and Willms",1996,44
350952614-7,"Cheshire Murders, The",Marney Craney,Hackett-Cassin,1999,48
197801866-5,"Room with a View, A",Demeter Figura,Jakubowski LLC,1993,18
616380323-X,As it is in Heaven (Så som i himmelen),Andrea Dunphy,Hegmann-Cruickshank,1994,70
459490877-2,Die,Rhetta Guise,Pouros-Rempel,1998,10
095903977-5,D.L. Hughley: Reset,Zondra Rotte,Corwin-Kiehn,2007,79
346237335-8,33 Postcards,Pinchas Whitehouse,"Bogan, Smith and Sipes",2010,64
358965151-2,"Cat's Meow, The",Seymour McConnachie,Friesen Group,2012,24
855629044-2,Comes a Bright Day,Graig Mordue,Goldner Inc,1989,44
445701826-0,Unmistaken Child,Arv O'Hallagan,Hettinger-Schowalter,2011,4
784677875-7,King of Jazz,Jakob Paradis,Hartmann Group,1995,89
241255519-2,True Heart Susie,Stacia Yetman,Breitenberg-Ondricka,2005,14
038925031-7,"Book of Eli, The",Jefferson McCart,Nienow and Sons,1993,16
871957667-6,Friends with Money,Kaye Roddick,Konopelski Inc,1993,33
441520475-9,100 Feet,Paige Organ,"Kuhlman, Bashirian and Walsh",2003,54
601026579-7,Barefoot (Barfuss),Jasun Pierrepoint,"Hamill, Lubowitz and O'Keefe",1999,88
369046392-0,Stolen,Caleb Milburn,"Schuster, Brown and Ward",1999,26
896558885-5,In the Folds of the Flesh,Gertrud Carnock,"Hackett, Abbott and VonRueden",2009,87
685005154-7,Casino,Berkly Babe,Pagac Inc,2005,70
536301588-9,"Umbrellas of Cherbourg, The (Parapluies de Cherbourg, Les)",Matthew Peddie,"Ruecker, Thiel and Grant",1997,31
076772198-5,Ocean Waves (Umi ga kikoeru),Any Kerley,Bechtelar-Ryan,2000,81
393770722-0,Seven Ways from Sundown,Osbourn O'Meara,Gerlach LLC,1999,63
534590141-4,"Velocity of Gary, The",Claudius Heavens,"Emard, Herzog and Stracke",1995,93
882318209-3,All the King's Men,Andrej Vanyushkin,Brakus Inc,1986,70
533306018-5,Goldfinger,Zena Wragg,Mayert Inc,2002,97
697743930-0,Hotel,Ettore Dorken,Kihn-Stark,1998,18
927747859-4,"Glass Key, The",Pam Coleshill,Beer-Bartoletti,2006,97
760756310-5,Suicide Killers,Jessika Cheal,"Schultz, Rohan and Heller",2010,75
863580990-4,"To Do List, The",Nobie Grouer,Little-Crist,2009,49
068837774-2,Human Touch,Reagen Lilywhite,Brown-Kiehn,1993,49
324285518-3,Astro Boy,Munmro Cordie,"Windler, Reynolds and Schamberger",2007,9
796843574-9,Rocket Singh: Salesman of the Year,Shanna Tuffin,Nicolas-Kerluke,2005,28
439195925-9,'Til There Was You,Vivyan Leahair,Nikolaus-Wolff,1998,42
735690811-5,Bye Bye Birdie,Joellyn Toplis,Kihn-Ernser,2005,9
375851600-5,"Talk of the Town, The",Brand Tregunnah,"Yundt, Gorczany and Cassin",2006,13
209904854-1,In the Name of the King 2: Two Worlds,Damaris Thorogood,Halvorson-Cassin,2006,54
278828212-5,War of the Dead - Stone's War ,Broddie Rennocks,Purdy and Sons,2006,75
337856568-3,"Cat's-Paw, The",Chandler Boud,"Wiegand, Leuschke and Dibbert",1999,22
997666447-8,"American President, The",Donnamarie Karlolczak,Gutkowski-Rodriguez,1992,96
106011521-2,Matewan,Lola Gunny,Hand-Wolf,2005,60
041402201-7,"Girl on the Train, The",Mathilda Whatson,"Nicolas, Nitzsche and Ruecker",2003,28
846504311-6,Home for Christmas (Hjem til jul),Bud Maguire,Conroy-Spinka,2002,13
113767601-9,Haute Cuisine,Kit MacCostigan,Jerde Group,2005,19
570081616-4,Willard,Lena Niles,Stark-Lubowitz,1997,99
375795868-3,Linda Linda Linda,Simone Kornyshev,Boyer LLC,2004,84
713885904-X,"Football Factory, The",Demetris Lafford,Cartwright and Sons,1994,97
111486974-0,Stripes,Shelby Keppie,Brown Group,1999,72
382007734-0,Family Guy Presents Stewie Griffin: The Untold Story,Isabel Florentine,Keeling-Reilly,1962,74
072913692-2,Americathon,Reinaldo Tixall,Willms-Hammes,1997,22
442732988-8,Neverwas,Christie Hancke,"Reinger, Carter and Reinger",1997,59
835433990-4,Fright Night,Katerina Lodwick,Collins-Jerde,1987,57
806802844-7,Boys Life 2,Ursulina Leppingwell,Bayer-Beer,2010,45
124304589-2,"Object of My Affection, The",Lacey Cutchee,"Connelly, Prosacco and Kiehn",1984,10
486958368-2,Stopped on Track,Sydney Chrstine,Russel-Wyman,2001,66
457962593-5,Starflight: The Plane That Couldn't Land,Innis Harp,Hermann-Cremin,2012,61
769897036-1,"Cowboys, The",Ingmar Redolfi,Miller Inc,1967,11
777508418-9,Rich and Famous,Russ Avory,Walsh Group,2003,82
188671547-5,Harvest,Rollie Seymark,Bayer-Muller,2009,60
619682950-5,Insanitarium,Althea Ramas,Langosh LLC,1999,85
123215649-3,Green for Danger,Gunter Dubs,"Powlowski, Jacobs and Raynor",1997,9
846931064-X,Ruthless People,Daryn Whiston,"Blanda, Towne and Jacobson",2006,54
998160747-9,Final Destination 3,Vonny Laterza,Lynch LLC,2009,14
161821493-4,Tea with Mussolini,Franni Aimable,Rutherford and Sons,2000,49
978453189-5,House of the Rising Sun,Clementine Harman,Bins-Labadie,1970,3
933323116-1,Songcatcher,Lenci Jestico,"Prosacco, Reichert and White",2010,50
155055451-4,Blood Moon,Shoshana Semmens,Langosh-Johnson,2002,83
936249550-3,Can't Hardly Wait,Hy Wiltsher,Greenholt Inc,2011,17
803262872-X,Seance on a Wet Afternoon,Margo Coggin,Marks LLC,1994,38
960247091-7,Certified Copy (Copie conforme),Odey Simeoni,Kerluke-Olson,1993,36
536044872-5,Pascali's Island,Tallou Rossoni,"Gutmann, Feil and Wiza",1989,58
537604577-3,Some Girls,Margeaux Whiteside,Larkin Inc,1990,33
075519791-7,"Expendables 2, The",Theodor Waltho,Daniel-Yundt,1992,67
558490071-0,"Godzilla 1985: The Legend Is Reborn (Gojira) (Godzilla) (Return of Godzilla, The)",Issiah Serrier,Langosh Inc,2001,92
826622942-2,Walking and Talking,Westbrook Kippling,Sporer Group,2008,40
469667606-4,Fort Bliss,Gloriane Archibald,"Yundt, Wolf and Senger",1999,100
709909265-0,"Garden, The",Caty Gye,McCullough-Huels,2011,13
030051108-6,"Jeanne Dielman, 23 Quai du Commerce, 1080 Bruxelles",Theo Kleisle,"Conn, Lockman and Lockman",2001,90
521372463-9,"Dr. Mabuse: The Gambler (Dr. Mabuse, der Spieler)",Camille Bohills,"Conn, Bauch and Mosciski",1990,28
055848101-9,Pet Sematary II,Gusella McReynold,Reichert and Sons,2004,15
394781485-2,"Nights of Cabiria (Notti di Cabiria, Le)",Tommie Cufflin,Sawayn-Moen,1998,62
050577374-0,Bloody Pit of Horror (Il boia scarlatto) (Virgins for the Hangman),Morganne d' Elboux,Anderson LLC,2008,21
785536161-8,"Secret Life of Walter Mitty, The",Bertha Riolfo,Kunze-Altenwerth,2002,8
049553006-9,Ed,Cilka Skamal,"Keeling, Lynch and Jerde",2011,59
947843676-7,Hush!,Ellswerth Tabourel,Veum-Lynch,1964,52
326649050-9,Trailer Park Jesus,Lari Jirasek,Hammes-Douglas,2011,35
475659341-0,Fallen Angels (Duo luo tian shi),Ashlee Crunkhurn,Bashirian LLC,2010,13
016955788-X,"Trial, The (Procès, Le)",Harald Pinnijar,"Jakubowski, Klocko and Schaefer",1993,62
051663867-X,"Cove, The",Maurita Simone,Hayes LLC,2004,56
099303950-2,"Christmas Story 2, A",Rosalia Fouch,Kuhlman-Lehner,1996,53
167797476-1,"Cat's-Paw, The",Rodger Waszczykowski,"Prosacco, Kohler and O'Hara",2000,59
802938281-2,The Oblong Box,Teresita Murray,Littel-Heller,1994,17
410267030-0,Tea with Mussolini,Arabela Spenley,Satterfield-Grady,2000,45
485606131-3,Django Unchained,Hillyer Feast,"Donnelly, Rippin and Haag",1994,65
328472984-4,My Life in Ruins,Nixie Archdeacon,"Considine, Hayes and Veum",1994,86
058975236-7,"Rendez-vous d'Anna, Les (Meetings of Anna, The)",Hailee Wisbey,"Hamill, McLaughlin and Bailey",2006,40
957598957-0,Ju-on: White Ghost,Lezley Aymerich,Trantow Group,2010,40
142290274-9,Sister My Sister,Melvyn Karpmann,Morissette-Kub,2003,31
455882810-1,"Duel at Silver Creek, The",Hillel Felgat,"Jakubowski, Kassulke and Goyette",2012,90
864623903-9,Silent Fall,Brody Riccardini,Sipes-Johnston,2002,18
955215813-3,American Mary,Tan Gaitone,Murray-Cruickshank,2005,81
450795793-1,Ninja: Shadow of a Tear,Consolata Cleyburn,Bogan-Durgan,2008,81
078559787-5,Private Property (Nue propriété),Arney Walkey,Breitenberg-Dietrich,2005,93
492019737-3,Fiend Without a Face,Dee dee Kornas,Ratke LLC,1991,74
612460361-6,"Pebble and the Penguin, The",Bronnie Jerdan,Gottlieb-Robel,1988,61
815298644-5,Tyler Perry's For Colored Girls,Hilary Waslin,Gusikowski-Rowe,1997,53
509570920-1,Failure to Launch,Tyler Wolfinger,"Harvey, Stamm and Miller",2008,65
204748776-5,Silmido,Rena Crecy,Marquardt Group,1985,51
656792228-1,Mall Girls (Galerianki),Nessie Raittie,Morissette Group,2009,82
580264648-9,Picture This,Lorine McCosh,Kub-Gulgowski,2009,36
797807698-9,Henry Poole is Here,Donnie Strathern,"Cartwright, Rodriguez and Bayer",1996,11
158757566-3,Evita,Shaughn Crowthe,Jakubowski-Gottlieb,2011,11
339642567-7,Drew: The Man Behind the Poster,Maurita Windebank,"Braun, Ullrich and Bogan",1997,39
427153564-8,Viva Zapata!,Vernen Gentery,Raynor LLC,2003,8
117289945-2,Burton and Taylor,Roslyn Pounds,Schumm Inc,1990,71
480159595-2,"Secret of Santa Vittoria, The",Joline Redd,Grant LLC,1997,69
788885832-5,Livid (Livide),Whitby Strudwick,Wintheiser and Sons,1993,49
333688629-5,Don't Go Breaking My Heart (Daan gyun naam yu),Wilfrid Ashbolt,Romaguera and Sons,1988,77
569525918-5,Universal Soldier: Day of Reckoning,Mitchael Whyman,"Grimes, Hoeger and Zieme",2000,52
096595197-9,Shara (Sharasojyu),Welbie Farnham,Hayes-Hudson,2012,96
929831682-8,Four Christmases,Patrica Pennetti,Hauck-Ankunding,2007,31
470398346-X,"Sweet Hereafter, The",Onofredo Sotham,Will LLC,1984,35
538151716-5,Dangerous Game,Hunter O'Hagirtie,Parisian Group,2012,72
768152825-3,Portraits of Women (Naisenkuvia),Betteanne Haskey,Roberts-Green,2001,92
355110125-6,For the Love of Benji,Waldemar Robet,Schulist-Toy,2009,97
259631537-8,Stagecoach,Stormi Suffe,"Barrows, Metz and Marquardt",2008,44
044319020-8,Unspeakable Acts ,Nicolais Kirkpatrick,Stiedemann-Fadel,2004,25
906160936-4,It Boy (20 ans d'écart),Pavlov Dickerson,Predovic LLC,2013,39
455887964-4,"I Love You, I Love You Not",Arnie Lockart,Oberbrunner and Sons,2012,37
025471648-2,Gappa: The Triphibian Monsters (AKA Monster from a Prehistoric Planet) (Daikyojû Gappa),Hermina Ellissen,Witting-Beatty,1987,7
825017227-2,Strange Invaders,Buckie Purvess,Gleichner Group,1997,37
677853038-3,"Last Drop, The",Urban Menco,"Anderson, Bahringer and Jacobs",2011,42
467400521-3,Broadway Damage,Eydie Blackborne,Rath-Strosin,1997,11
037502050-0,Incident at Loch Ness,Katherine Elvey,Shanahan-Wintheiser,2006,96
613902747-0,Little Darlings,Gale Wagstaff,"Fritsch, Runolfsdottir and Crooks",2000,15
966420094-8,Superhero Movie,Niles Uzzell,"Schmeler, Funk and Okuneva",2009,70
923984033-8,Stalin,Daisey Tytcomb,"Klocko, Koepp and Douglas",2003,38
748093722-9,Help!,Seymour Fernez,Williamson LLC,2008,99
149812591-3,American Pimp,Chickie Comber,"Crist, Kuhn and Cormier",1997,34
665013299-3,Dr. Dolittle 2,Dagny Silbersak,"Feil, Douglas and Stark",1992,50
720437371-5,No One Writes to the Colonel (El coronel no tiene quien le escriba),Kissie Croote,Davis Group,2005,81
985353383-9,ABBA: The Movie,Glennie Larkins,"Hilll, Johnson and Prosacco",2000,50
269262266-9,Smiley Face,Adelle Albury,Lesch Group,2001,87
114201129-1,Marilyn in Manhattan,Roobbie Lillicrop,Johnston-Schaden,1999,92
777962341-6,Joe + Belle,Carlyn Bruckner,Nikolaus-Welch,2007,94
122705585-4,Condo Painting,Linc Stanyland,"Turner, Fisher and Hane",2010,19
551907783-5,In Our Garden,Garret Beart,Osinski-Conroy,2000,73
209495758-6,Paranoia Agent,Marian Iacomettii,Graham-Wilkinson,2007,1
620766973-8,Love Finds Andy Hardy,Roman Wybrew,Johns-Hoeger,2001,46
871920429-9,Adventures of Captain Marvel,Dottie Ughi,Weissnat-DuBuque,2001,74
547905981-5,Gun Woman,Joey McFetridge,Senger Group,1987,79
271132588-1,Road to Singapore,Ellissa Medlicott,Huel-Veum,1999,28
106200430-2,"Love, etc.",Anestassia McTrusty,Murphy Inc,1996,14
692765547-6,Amityville: A New Generation,Gaspard Bemwell,Raynor-Hudson,2006,22
222461883-2,Spend It All,Ulric Freire,Schamberger Inc,2000,31
658546221-1,Easy Virtue,Tedd Henric,Kris-Pacocha,1999,2
641186966-9,Resident Evil: Apocalypse,Ximenez Tofpik,Mueller LLC,2002,3
290560780-7,"Blood of Heroes, The (Salute of the Jugger, The)",Pacorro Hazeldine,Hagenes-Kessler,2010,82
983065289-0,Ski Patrol,Bret Birtwhistle,"Bartell, McKenzie and Bayer",1993,50
378697032-7,"Police, Adjective (Politist, adj.)",Jacquenette Sussems,Schulist-Purdy,1999,86
717845752-X,Drumline,Danella Mate,Abernathy Inc,1996,54
585000796-2,Dakota Skye,Dell Fairhurst,"Grady, Hermann and Swift",2010,86
485955939-8,Evocateur: The Morton Downey Jr. Movie,Melvin Crecy,O'Kon-Balistreri,2007,42
056689396-7,Murder!,Helaina Maffezzoli,Moen Group,2007,80
101965125-3,Geek Charming,Alvan Slatten,Howell-Schiller,2009,15
212025156-8,Horns,Farra Piletic,Stehr-Sipes,2002,90
488827136-4,Christmas in July,Haskel Rome,"Donnelly, Murray and Abshire",2006,85
697857372-8,Black Moon Rising,Raynor Grew,"Rosenbaum, Marks and Turner",1997,24
821510029-5,The Hearse,Wilow Perillio,"Reinger, Metz and Becker",1993,83
853280806-9,Just Like Heaven,Tracy Pentland,"Homenick, Schimmel and Wisozk",2012,41
818027775-5,Ghost in the Shell Arise - Border 1: Ghost Pain,Ramsey Welchman,Boyer-Kohler,1988,43
199296701-6,The Identical,Kikelia Duferie,Murray Group,1997,53
906243307-3,Good Time Max,Wylma Dearnly,Mante-Volkman,1992,47
415111881-0,Old Boy,Bail Battany,Halvorson-Deckow,1996,35
030772162-0,Law Abiding Citizen,Brenda Bennoe,Veum Inc,2011,82
860176548-3,Downstairs,Temp Flasby,Morissette and Sons,2004,67
689180038-2,Madagascar,Rowe Featherstonhaugh,Dibbert and Sons,2008,7
470962309-0,"Driver, The",Deva Mcimmie,"Marquardt, Becker and Gusikowski",2000,56
753427949-6,Love Is the Devil,Guenevere Synnott,Bins-Lemke,1995,20
050489433-1,Summer Days With Coo,Annice Need,"McLaughlin, Keeling and DuBuque",1993,11
152341533-9,Destiny (a.k.a. Between Two Worlds) (Der müde Tod),Florenza Camps,"Douglas, Swaniawski and Will",2012,27
803983164-4,Pete Seeger: The Power of Song,Alberik Stansall,Volkman LLC,1998,94
203604370-4,If Winter Comes,Welbie Mulqueen,Green-Trantow,2006,4
484570660-1,"Kremlin Letter, The",Hermia Topp,Reilly-Stehr,2012,86
738073627-2,"Curious Case of Benjamin Button, The",Brittney Westell,"Collins, Hilpert and Upton",1994,66
493131992-0,"Blackout, The",Stormi Pring,"Kemmer, Zulauf and Keeling",2009,55
651217957-9,Masquerade,Fancie Okey,"Batz, McKenzie and Skiles",2006,88
246295106-7,Uninvited Guest,Lynnett Hamer,"Altenwerth, Little and Swift",2003,66
514295979-5,Mission to Moscow,Karalynn Ozelton,Braun-Schulist,2005,21
972513222-X,"All Blossoms Again: Pedro Costa, Director (Tout refleurit: Pedro Costa, cinéaste)",Tanya Drescher,Halvorson-Lehner,2000,90
315373736-3,Machine Gun Kelly,Aldon Sybry,"Roob, Kohler and Steuber",2008,57
402525063-2,Saving God,Fayth Buttriss,Klocko-O'Hara,1993,94
337923196-7,Cannery Row,Vinni Croci,Emard LLC,2005,69
410783410-7,"Interpreter, The",Noel Tarn,Hermann LLC,1996,46
521276107-7,Near Dark,Rafaello Skeel,"McCullough, Boehm and Bode",1999,3
656124778-7,Land of the Blind,Kania Gehrels,"McGlynn, Stoltenberg and Schowalter",2009,90
633947323-7,Ecstasy (Éxtasis),Micky Brognot,"Langworth, Breitenberg and Cummerata",1990,11
123310696-1,Princess (Prinsessa),Baron Clopton,"Jacobi, Schowalter and Parker",1996,16
431311215-4,Of Unknown Origin,Denni Corzor,"Feeney, Denesik and Flatley",1998,76
549998687-8,Dust Devil,Westbrooke Khoter,Ledner Inc,2012,28
588036603-0,American Pie Presents Beta House (American Pie 6: Beta House),Layney Rouge,Hickle-Wilderman,1986,94
814890195-3,"American Friend, The (Amerikanische Freund, Der)",Bondie Shalloo,"O'Hara, Stroman and Nienow",2004,63
885376059-1,"Groundstar Conspiracy, The",Libbey Stoakley,"Mante, Hudson and Aufderhar",2013,18
377549479-0,"Young Törless, The (Junge Törless, Der)",Kennith Phillcock,"Davis, Walter and Romaguera",2007,50
439772489-X,Kabluey,Katusha Cressingham,Kub and Sons,1999,57
919430514-5,Bitter Creek,Adrienne Goulborn,"Lowe, Stamm and Fay",1998,10
209664665-0,Winds of the Wasteland,Brodie Donativo,"Kassulke, Greenfelder and Heathcote",2011,75
854593820-9,Hot Lead and Cold Feet,Gabriell Coupland,Schiller LLC,1999,62
307949203-X,Return to Peyton Place,Beauregard Ganderton,Effertz Group,1997,49
203123570-2,"Emperor's Naked Army Marches On, The (Yuki Yukite shingun)",Roselle Morhall,Schulist-Greenfelder,1978,36
036175440-X,Motivational Growth,Dayle Eddow,Crist Group,2009,43
067221981-6,High School,Lily Gilphillan,Welch Group,1969,6
115555605-4,Yellow Submarine,Honoria Klosa,"Hamill, Mayert and Larson",1998,45
240047980-1,"French Lieutenant's Woman, The",Winn Ambrus,Schuppe-Steuber,1997,54
841450722-0,Dillinger,Brigit Letten,Monahan Group,2000,92
148674278-5,Special Bulletin,Emmerich Shalders,Mueller-Lynch,2007,12
927149684-1,"Nut Job, The",Lindsey Jeafferson,Gottlieb-Rowe,1998,33
388233320-0,Deewaar,Belita Ybarra,Friesen-Nader,2006,12
273797708-8,"Wooden Bridge, The",Daffi MacGaughy,Pfannerstill Group,1999,72
002075190-7,Picnic at Hanging Rock,Elka Jinkin,Bosco Group,2001,56
630804010-X,Sons of the Desert,Judon Greeveson,Daniel-Becker,2006,32
924790675-X,"Spiral Staircase, The",Leonerd Stallwood,Schmidt-Littel,2007,83
480220742-5,If God Is Willing and da Creek Don't Rise,Fanchette MacKilroe,Conroy and Sons,2005,10
625411554-9,Eastwood on Eastwood,Fletch Hyder,"Hoppe, Jaskolski and Miller",2003,67
564343038-X,Clockstoppers,Allyson Roubay,Conn Inc,1997,98
470138316-3,American Pie Presents: Band Camp (American Pie 4: Band Camp),Ganny Gauge,"Morar, Rowe and O'Kon",2008,90
055960380-0,Scattered Clouds (Midaregumo),Coretta Marques,Kozey and Sons,2000,20
684739876-0,"Glimpse Inside the Mind of Charles Swan III, A",Barnebas Zwicker,Rowe-Hermann,2011,29
813047411-5,"Unreasonable Man, An",Carena Quirk,Turner-Kirlin,1996,69
528591911-8,300 Miles to Heaven (300 Mil do Nieba),Nance Keele,Leffler Inc,2011,45
469145424-1,"Ascent, The (Voskhozhdeniye)",Claretta MacEllen,Klein-Murray,2006,3
628796111-2,"Handful of Dust, A",Amandie Kainz,"Smitham, Upton and Beatty",2009,30
278875307-1,Long Day's Journey Into Night,Eolande Salvatore,Keeling-Schoen,1992,35
993605324-9,Last Holiday,Rudyard Roddick,"Marvin, Dibbert and Abernathy",2008,44
476816996-1,Kansas Raiders,Carney Fick,Kozey-Jones,2006,64
183647408-3,Razortooth,Fernande Winger,Romaguera Group,2004,63
142878866-2,"Beast Must Die, The",Asa Cahill,"Collier, Grady and Nicolas",2012,79
987797199-2,Bakhita,Thomasin Farquarson,Luettgen-Grady,2000,64
328893537-6,Dave Chappelle: For What it's Worth,Levon Gontier,Bosco-O'Keefe,2005,54
354369609-2,Galaxy Express 999 (Ginga tetsudô Three-Nine),Adel McAlarney,Rosenbaum-Kuhic,2008,21
654119620-6,Don 2,Hobard Chidlow,"Kassulke, Torp and Bode",2007,30
975055775-1,Payday,Thomas Tugman,Quigley Group,2006,39
014079230-9,Ruthless People,Simone Dalbey,"Boehm, Lehner and Lakin",2012,48
772557669-X,Roger & Me,Ruby Reeken,"Volkman, Barton and Abernathy",1973,40
169821061-2,"Flame and the Arrow, The",Wyatt Coye,"Ruecker, Moore and Hackett",2001,62
445519289-1,The Trip to Bountiful,Pacorro Edgerly,Lang LLC,2000,92
471643269-6,"Devil and Daniel Webster, The (All That Money Can Buy)",Sybil Waterman,"Schmidt, Robel and Walker",2001,86
227885618-9,Wheels on Meals (Kuai can che),Micky Burnhard,Funk-Farrell,2003,30
997141370-1,"Filth and the Fury, The",Marci Brotherhood,Ledner and Sons,2013,98
332942189-4,Hot Tub Time Machine,Manda Gonet,"Brakus, Champlin and Green",2012,88
939014475-2,"Saban, Son of Saban",Marley D'Alessio,"Rogahn, Bogan and Bashirian",2008,30
736657584-4,Rough Magic,Arlyn Noore,"Rosenbaum, Lynch and Stanton",2008,9
348697910-8,Who Am I (Kein System Ist Sicher),Helen-elizabeth Tebbe,Kshlerin-Hahn,1993,77
023115037-7,It's in the Water,Arvy Ladds,Lakin-Hoeger,1998,37
079169130-6,Stories We Tell,Fayette Kerwood,"Smith, Kohler and Nikolaus",2012,54
128072362-9,Cohen and Tate,Nickey Dench,"Yost, Quitzon and Hessel",1997,74
373228352-6,Memoirs of a Geisha,Cesar Bartleman,Denesik and Sons,2001,75
020218823-X,Ecstasy (Éxtasis),Serene Lyngsted,Klocko-Boehm,2002,97
873705433-3,Free Willy 3: The Rescue,Romona Duley,Wiza-McCullough,2009,5
235490984-5,"Way of the Gun, The",Kevan Rudolf,Donnelly-Reichel,2009,19
009621589-5,Above Suspicion,Chic Chevis,"Lesch, Labadie and Wiegand",1993,80
250545351-9,Bill Bailey: Tinselworm,Germaine Tellwright,Mraz Inc,1991,96
060804963-8,Raining Stones,Mia Geane,"Macejkovic, Hyatt and Brakus",2008,80
264175299-9,Shrek,Oralie Boulton,Wiegand-Gutkowski,2001,23
223159109-X,Shoeshine (Sciuscià),Jorie Luggar,Powlowski LLC,1984,97
506818045-9,Stars and Bars,Gil Eastlake,"Gorczany, Nitzsche and Casper",2001,67
026265150-5,Alien Escape,Tatum Mant,"Skiles, Powlowski and Ernser",1997,39
228419199-1,44500 Max,Vasily Jaskowicz,Simonis Inc,2005,15
949041521-9,Where the Money Is,Ruperto Ledwich,Marvin Inc,1985,69
758045217-0,Hum Tum,Trixie Saller,Crist-Mertz,1993,15
433303251-2,Bambi Meets Godzilla,Heloise Forsdike,Hickle-Jacobs,2007,4
841088394-5,"Angels' Share, The",Ted Braunlein,Turcotte-Cormier,2012,39
880605828-2,"Age of Stupid, The",Tasia Halvorsen,Ullrich and Sons,2005,20
668316444-4,Black Magic (Meeting at Midnight) (Charlie Chan in Meeting at Midnight) (Charlie Chan in Black Magic),Garwin Mallatratt,"Sporer, Spencer and Cronin",2010,7
805530215-4,Someone Like You (Unnaipol Oruvan),Morganica Champerlen,Nitzsche Inc,2011,76
506112295-X,In the Beginning (À l'Origine),Sally Joyes,Bogan-Kshlerin,2008,94
916074014-0,"Little Engine That Could, The",Sheffie Dawid,"Corwin, Yost and Nikolaus",2004,10
390069147-9,"Turin Horse, The (A Torinói ló)",Alfie Nutty,Kuvalis-Kemmer,2007,62
680946811-0,Talk Radio,Emmet Ponceford,"Hessel, Zemlak and Mitchell",2012,22
190868487-9,"Substance of Fire, The",Brocky Carlucci,Kihn and Sons,2001,53
701437941-0,"Bannen Way, The",Killy Challin,Hirthe Inc,1992,26
739632948-5,Brokedown Palace,Elisabet Kershow,"Hane, Howell and Bednar",1999,86
480866146-2,Foul Play,Murdock Pohl,Bogan LLC,2006,75
049253337-7,Siblings,Jefferey Ockwell,Greenholt LLC,2005,82
653705054-5,Sightseers,Shane Camerati,"Mayert, Murray and Ritchie",2008,39
088669724-7,Relative Fear,Scott McElvogue,Medhurst Group,2003,84
207565904-4,Alive,Livvy Merveille,"Marks, Schuppe and Muller",2005,24
457217835-6,Step Up,Atalanta Harbour,Dare-Bogisich,2008,39
366718602-9,Quadrille,Stephenie Showler,"Homenick, Collier and Powlowski",2005,87
465253893-6,Something to Talk About,Noak Gulston,"Schaefer, O'Kon and Dare",1992,100
800984200-1,Eastern Drift (Indigène d'Eurasie),Neddie Milstead,Rutherford LLC,2011,36
021171339-2,Milky Way (Tejút),Marie-jeanne Nisuis,Predovic-Hegmann,1971,77
635744947-4,Caesar (Julius Caesar),Darda Follos,"Senger, Breitenberg and Sporer",2006,37
021300328-7,The Woman on Pier 13,Carmela Allenson,Morar and Sons,2011,42
108464782-6,"Telephone, The",Allin Riccardo,Nader-Beahan,2007,39
589275255-0,"Story of the Weeping Camel, The (Geschichte vom weinenden Kamel, Die)",Guinna Rooms,Satterfield and Sons,1990,78
408063179-0,Katt Williams: The Pimp Chronicles Pt. 1,Friedrich Estabrook,Heller-Terry,2010,22
733674471-0,Falling Down,Gabriel Corry,"Kub, Schowalter and Hermiston",2004,76
642453950-6,"Clockwork Orange, A",Loutitia Albarez,"Mante, Ritchie and Kovacek",1987,43
188539255-9,"Mask of Dimitrios, The",Billi Mobius,McKenzie-Murray,1994,63
952130584-3,Buck,Dionis Allerton,Effertz and Sons,1993,52
829538244-6,Angel Heart,Gordy Kyte,Kuhlman-Windler,1989,25
082692683-5,For the Bible Tells Me So,Boyd Robichon,"Weissnat, Mante and Fahey",2006,40
424815590-7,"Atlantis, the Lost Continent",Brynna Skae,Jast-Runolfsson,2005,27
582649309-7,Motocrossed,Tiffy Boller,Little-Blick,2001,16
810321684-4,Rosie,Florrie Binyon,Lakin Group,2000,85
464006092-0,"Presence, The",Hope Lanham,Schmeler-Paucek,1996,83
906146859-0,Oklahoma!,Erminie Standall,Dicki-Thompson,1986,60
905256573-2,Sick Girl,Josepha Rude,Rosenbaum LLC,2003,55
660715167-1,Grotesque,Esmeralda Gotmann,Ankunding-Zboncak,1984,40
735151681-2,Morons From Outer Space,Celestia Bocock,Ritchie-Wolff,2008,96
948259942-X,Back to the Future Part III,Madlen Jedrysik,"Stark, Grant and Cummings",1989,84
300462665-9,Last Passenger,Louisa Squibbes,"Thompson, Konopelski and Padberg",2013,73
281381778-3,Go for Zucker! (Alles auf Zucker!),Willamina Overal,Smith and Sons,2005,47
446958218-2,Times and Winds (Bes vakit),Steffie Stranger,Weber-Larkin,2004,13
198397813-2,"Nightmare in Las Cruces, A",Bard Kleehuhler,"Wisozk, Moore and Cruickshank",1997,32
466216326-9,Maria (Mariya),Celina Style,Padberg-Hickle,2009,38
007226312-1,Tommy,Willamina Goodinson,DuBuque and Sons,2006,47
273465106-8,"March of the Penguins (Marche de l'empereur, La)",Morey Chalice,"Schinner, Howe and Turner",1997,62
803956801-3,Gulliver's Travels,Eddy Kleiner,Lesch-Champlin,2006,61
213236823-6,Thirty Day Princess,Neely Schout,"Gleason, Cummerata and Kautzer",1998,85
366420344-5,Crime Story (Zhong an zu),Garald Benka,Reichert and Sons,1998,2
439946258-2,Murder at 1600,Gregoire Quantrell,Bogisich Inc,1995,98
842197241-3,Star Trek IV: The Voyage Home,Rory Ciraldo,Green-Aufderhar,1993,57
783652692-5,Gentleman Jim,Belicia Pevsner,Hilll Inc,1995,40
129354422-1,"Living Dead Girl, The (Morte Vivante, La)",Clemmy Danbrook,"Cassin, Baumbach and Herman",2006,15
478793752-9,Rain Over Santiago (Il pleut sur Santiago),John Kennea,"Bradtke, Runolfsson and Price",1970,98
517529792-9,Sons of the Desert,Dedra O'Connor,Schulist-Huels,1986,30
464339429-3,Anything But Love (a.k.a. Standard Time),Hillary Jennings,McKenzie Group,1992,58
305685401-6,Island in the Sun,Baryram Isakovic,"Hodkiewicz, Crist and Pfeffer",1999,95
257444125-7,My Best Enemy (Mi mejor enemigo),Jacquenetta Bullman,Pfannerstill-Kutch,1985,7
220463769-6,"Tunnel, The (Tunnel, Der)",Jemmy Wellsman,McCullough Inc,2010,68
350747491-3,TiMER,Tod Destouche,Sauer LLC,2009,84
192763327-3,Jolson Sings Again,Twyla Bernon,Fahey LLC,2008,92
891560459-8,"Good Heart, The",Dorris Sutty,Dach-Satterfield,1987,88
606487384-1,City in the Sea,Stevy Stringfellow,"Rutherford, Grady and Roob",2008,35
329332421-5,"Trouble with Angels, The",Johny McCrachen,"Hoppe, Gottlieb and Lehner",2010,68
558161196-3,Infernal Affairs (Mou gaan dou),Norman Smaleman,"Koch, Abshire and Hamill",2003,62
860515942-1,Humboldt County,Helena Childes,"Botsford, Haley and Wehner",1993,26
060772879-5,"Flight That Fought Back, The",Margaret Arrandale,"Gleason, Swaniawski and Osinski",1993,24
957284173-4,"Castaway Cowboy, The",Borden Elintune,Quigley-Hand,2001,31
392351619-3,Crossing the Bridge,Marcellus Canter,"Dare, Cassin and Schroeder",2000,42
836243995-5,Chronos,Shaun Iacovuzzi,"Pfeffer, Medhurst and O'Keefe",1996,9
483033624-2,As it is in Heaven (Så som i himmelen),Brion Balke,Casper Group,2007,52
320071988-5,Camilla,Suzanne Coners,Farrell LLC,2001,25
950331841-6,Another Gay Movie,Erek Baden,Metz Group,2001,4
847183022-1,"Covenant, The",Myca Leonida,Boyle-Kling,1984,53
964278924-8,Love Don't Cost a Thing,Aida Brittles,Schulist Group,2008,17
374743524-6,El Escarabajo de Oro,Alisander Ginman,"Cummerata, Schiller and Howell",2000,61
236504999-0,Shadows and Fog,Blair Halfpenny,Sauer-Kuhic,2000,74
005059530-X,Alone in the Dark,Orton Barca,Ankunding LLC,1992,74
565422955-9,"Curse, The (a.k.a. The Farm)",Clive Fleckney,Beatty-Kutch,1989,81
029283610-4,Reign Over Me,Carolan Rothchild,Bashirian-Roberts,1984,63
115282766-9,Christopher Columbus: The Discovery,Valeda Tripett,"Turcotte, Gorczany and Fadel",2003,47
682315179-X,"Visit, The",Gustie Endley,"Little, Hirthe and Kirlin",2005,78
433747775-6,All the Fine Young Cannibals,Eddie Heindle,Walsh Group,1998,56
981542685-0,Extremities,Sarina Riby,Zulauf and Sons,1977,47
109559943-7,Tetsuo II: Body Hammer,Wilmar Cawt,"Carroll, Wisozk and Brown",2012,29
540499612-9,Village People Radio Show (Apa khabar orang kampung),Rheta Hudd,Stanton-Boyer,1992,98
319604090-9,Some Girl(s),Denice Fernihough,"Vandervort, DuBuque and Boehm",2009,84
526785202-3,Don't Go in the House,Jesselyn Thams,Dietrich-Botsford,2012,87
640399782-3,"Book of Eli, The",Crosby Fotherby,Hand Group,2003,79
740346075-8,Dark Forces (Harlequin),Pryce Sinnott,"Ruecker, Wisoky and Wisozk",2009,29
658046752-5,Year One,Gusta McGloughlin,"VonRueden, Runolfsson and Koepp",2002,80
534651617-4,"Private Life of Sherlock Holmes, The",Trevor Youles,Smitham-Macejkovic,1999,68
095785869-8,In Passing,Matthieu Smee,Bayer Inc,2000,29
332156022-4,Dinotopia: Quest for the Ruby Sunstone,Madelene Skoughman,"Runolfsdottir, Runolfsdottir and Pacocha",2006,23
237697703-7,Stavisky...,Amelina Lumsdon,Herzog-Kemmer,1985,60
612466075-X,"Coward, The (Kapurush)",Virginie Martyn,Hintz-Ankunding,2011,94
612829497-9,Mysterious Origins of Man,Irma Rugieri,Keeling Inc,2012,10
705056740-X,"Champ, The",Pryce Quincey,O'Reilly and Sons,1991,47
575401241-1,"Monuments Men, The",Ludovico Sebright,Schowalter LLC,2005,29
942699371-1,The Horribly Slow Murderer with the Extremely Inefficient Weapon,Virgina Vell,Wisozk LLC,2002,16
615052928-2,Yogi Bear,Cecilio Loffel,Nienow Group,2010,19
075352086-9,"Book of Eli, The",Rozalin Gwinnett,Romaguera LLC,2003,82
268645823-2,Neighbors,Randi Dighton,"Graham, Moore and Kuvalis",2006,15
623786807-0,Now!,Nev Carlett,Crooks and Sons,2010,87
176460398-2,Ring of Darkness,Flory Constantinou,"Dare, Bauch and Oberbrunner",2011,32
589364633-9,"6th Man, The (Sixth Man, The)",Hoebart Morritt,Davis Inc,1995,100
604651413-4,"Satan Bug, The",Else McTaggart,Muller and Sons,2004,56
493864151-8,Foolish,Aguistin Orrum,Parisian-Stehr,1986,44
182513121-X,Kippur,Hersh Basso,McDermott-Langworth,2004,47
254282918-7,Neverland,Angela Warlawe,Morar LLC,1993,5
601384908-0,Chicago Joe and the Showgirl,Hildagarde Elijah,"Hudson, Gislason and Parisian",2004,5
762161135-9,Dreaming of Joseph Lees,Noe Anglim,Koepp and Sons,2003,99
200017301-2,"Dilettante, La",Wileen Camili,Herman-Sipes,2003,24
735928818-5,Bis zum Ellenbogen,Caitrin McKnish,"Berge, Langosh and Hand",1984,63
404715182-3,Russian Dolls (Les poupées russes),Latashia Itzak,Tillman-Nicolas,1994,49
744699222-0,"Unborn, The",Eddie Queree,Reilly-Ankunding,2012,44
078950517-7,Hollywood Homicide,Sidnee Ferriday,Purdy-Muller,2012,36
153266259-9,Carousel,Daron Tomasini,Kirlin and Sons,2005,78
598267032-4,Arcade,Benson Huton,"Gutmann, Runolfsson and Farrell",2005,80
994153174-9,Kilometre Zero (Kilomètre zéro),Natassia Blachford,Hahn-Franecki,1964,10
421534159-0,Reversal of Fortune,Nissa Quiddihy,"DuBuque, Gutkowski and Koelpin",1999,14
281608470-1,Day of Wrath (Vredens dag),Gertruda Glennon,Bosco-Schneider,2002,84
487612663-1,Born to Be Bad,Adi Knowling,Tremblay-Mills,1955,15
818067495-9,Cinderella,Demetri Hartington,"Steuber, Cronin and Schowalter",2011,78
132381443-4,"Scenic Route, The",Oates Janssen,Parisian-Baumbach,2008,37
002182459-2,Journey Into Fear,Winonah Reihm,Nader Group,2000,9
959743070-3,"Match Factory Girl, The (Tulitikkutehtaan tyttö)",Jacinthe Luquet,Corkery-Smitham,1985,27
436190972-5,Holy Man,Marina Tilte,Schmeler Group,1995,53
089834436-0,Into the Woods,Arlene Fagence,Luettgen LLC,2007,7
658253860-8,"Don Is Dead, The",Gael Dunford,"Mitchell, Kerluke and Parisian",2005,2
054454098-0,Living with Wolves,Wilbert Chuck,Schumm-Breitenberg,2011,11
712704821-5,Disco and Atomic War (Disko ja tuumasõda),Mike Knivett,Jerde Group,2006,13
454874410-X,"Big Bird Cage, The",Elihu Origin,Klein-Kris,2004,1
273040122-9,Mad City,Vance Leport,Stokes-Gusikowski,1995,25
676930623-9,Down in the Delta,Kristopher Glas,Russel-Pfeffer,2002,67
383866678-X,Father Hood,Jacinta Kirkbride,Torphy-Green,2010,58
938926738-2,"Letter From Death Row, A",Silvia Treppas,Murphy LLC,1989,81
985007869-3,"Chronicle of Anna Magdalena Bach, The (Chronik der Anna Magdalena Bach)",Glenna Pursehouse,Howell Group,2000,60
747236459-2,Ju-on: White Ghost,Noelyn Kingzet,Mayer-Kassulke,1994,72
921283414-0,"Havre, Le",Julianne Whereat,Bosco Inc,2001,51
980633933-9,Canadian Bacon,Katerina Harden,McClure Inc,1997,46
453663048-1,"Story of Xinghua, The (Xinghua san yue tian)",Giffard Westwood,Schmitt and Sons,1996,79
058201483-2,Moonrise Kingdom,Lucila Abramowsky,Kunde LLC,2003,21
936342146-5,Lackawanna Blues,Sara-ann Brandrick,Lakin Group,1995,83
943982739-4,Slasher House,Lynnea Archibould,Dickens LLC,1996,42
500117209-8,Lord of Tears,Correna Werrilow,Leannon Inc,1995,17
917966455-5,"Trouble with Girls, The",Christoffer Gazey,Nienow-Casper,1984,45
099598135-3,"Human Centipede, The (First Sequence)",Pauline Searl,Schmitt and Sons,2004,37
514735347-X,I Capture the Castle,Eddie Larmour,Ebert LLC,2009,82
666689912-1,"Gatekeepers, The",Alisun Reglar,"Reilly, Heathcote and Pagac",2003,21
737182509-8,"Ceremony, The (Gishiki)",Gram Libbis,"Schowalter, Doyle and Keeling",2009,2
086420366-7,"Preacher, The (De dominee)",Tallulah Batham,Kshlerin-Block,1985,65
457760362-4,"Crystal Ball, The",Abby Ungerecht,Miller Inc,1993,3
858324794-3,"Women, The",Christen Isack,Mohr LLC,2006,41
071428102-6,Dodsworth,Willdon Ciciotti,Rippin-Volkman,2011,40
943890137-X,Freaked,Scotty Kulver,Stroman Inc,2006,28
846666942-6,"Mouse on the Moon, The",Kordula Duchan,McLaughlin and Sons,1994,4
914458419-9,Requiem for a Vampire (Vierges et vampires),Olimpia Dumbrall,Simonis-Cremin,2008,9
332281250-2,Blood Beach,Aloysia Witton,"Grant, Kshlerin and Lueilwitz",1983,22
010267138-9,Love and Other Troubles,Sayre Huband,Flatley Inc,2000,50
270326031-8,Scream 2,Myrilla Auchinleck,Kertzmann Inc,1996,35
241127646-X,Jerichow,Amery Auckland,Hermiston-Huels,1977,12
049253292-3,Laissons Lucie faire !,Nettle Edworthye,"Emard, Thompson and Towne",2005,32
049498782-0,Unfinished Sky,Dee dee Jelkes,"Monahan, Hahn and Pagac",2012,31
824954168-5,Can Mr. Smith Get to Washington Anymore?,Otha Langsbury,Block and Sons,2005,62
359252149-7,Edge of Darkness,Augustine Asple,Stanton Group,2005,40
146230841-4,Lisbela e o Prisioneiro (Lisbela and the Prisoner),Raddie Marshman,"Medhurst, Monahan and Adams",2011,81
393853486-9,"Man from Utah, The",Corie Bettison,Klein Group,1995,19
337234867-2,Blood Wedding (Bodas de sangre),Sibel Pigdon,Sipes-Hermann,2011,90
248704700-3,Calling Dr. Gillespie,Leighton Eves,McCullough-Orn,2008,24
457858579-4,John Doe: Vigilante,Solomon Stain,Rempel-Muller,2011,93
065198412-2,Revenge of the Electric Car,Ginevra Caldeyroux,Tillman Inc,2003,77
431858867-X,Ivan Vasilievich: Back to the Future (Ivan Vasilievich menyaet professiyu),Gaston Crass,Armstrong and Sons,1972,87
214825937-7,Harriet Craig,Roseline Jumont,Satterfield-Kilback,2010,89
793327091-3,Dying Breed,Meade Dancey,Block LLC,1994,30
570659924-6,"Fluffer, The",Jilleen Costi,Franecki LLC,2008,36
519224583-4,Gabrielle,Arlie Waker,Graham-Zulauf,1992,54
871390645-3,All About Steve,Gauthier Sumers,Kovacek-Zieme,2008,31
237126722-8,Bad Girl Island (Sirens of Eleuthera) (Sirens of the Caribbean),Veronique Vanyashkin,Trantow LLC,1988,93
971055199-X,"Vertical Ray of the Sun, The (Mua he chieu thang dung)",Dynah Birmingham,Hagenes and Sons,1992,63
488639042-0,Johnny Eager,Shawnee Bernetti,Kerluke and Sons,1993,52
639136166-5,"Girl in the Park, The",Godwin Jirik,Upton-Bailey,1997,69
447386986-5,"Story Written with Water, A (Mizu de kakareta monogatari)",Genia Carlyle,Donnelly-Spencer,1997,58
880831310-7,Today's Special,Leann Marden,"Rice, Effertz and Streich",1993,17
383646852-2,Dealing: Or the Berkeley-to-Boston Forty-Brick Lost-Bag Blues,Cornelle Besset,Paucek Group,1994,88
761144643-6,Gunner Palace,Suzann Crohan,Franecki-Littel,1998,38
617416414-4,North Star (a.k.a. Tashunga),Lorraine Lanfere,Murazik and Sons,2001,87
664092110-3,Code 46,Brooks Storck,Flatley LLC,1996,73
908207595-4,Jamie Marks Is Dead,Neel Aronstein,Rolfson-Ankunding,2001,1
552661029-2,Friday the 13th Part 2,Scarlet Temprell,"Pfeffer, Schneider and Hessel",1968,63
674643005-7,In Praise of Older Women,Margi Fishlock,Wisoky LLC,2009,100
023919952-9,While You Were Sleeping,Nessie Brockie,Hilpert and Sons,2007,78
822869803-8,King of the Zombies,Neely Tourot,"Kassulke, Corkery and Oberbrunner",2010,61
291571621-8,Fantastic Voyage,Base McLeary,Koss-Prosacco,1997,89
156157944-0,Two Lives (Zwei Leben),Aurelie Wycliff,Gleason-Rutherford,2002,64
441103133-7,Flow: For Love of Water,Ely Corzon,Smitham LLC,2009,10
066821319-1,Life According to Sam,Tresa Simkovitz,Feest-Wisozk,2011,95
627338964-0,Frenchmen 2,Gardiner Hogben,Fritsch-Marquardt,2001,2
263414370-2,Living Out Loud,Dagmar Vallentine,"Fay, Cruickshank and Shanahan",2010,48
229427251-X,Love Happens,Garrard Muro,Nienow-Kris,2000,100
681448348-3,Pee-wee's Big Adventure,Edlin Theurer,"Okuneva, Beahan and Hudson",2000,87
569349821-2,"Big Hit, The",Osgood Lundy,Prosacco-Doyle,1997,47
261303733-4,12 Rounds 2: Reloaded,Kiersten Stockman,Wehner Group,1993,65
379016462-3,The Tenant of Wildfell Hall,Orv Gianilli,Witting Inc,1995,81
453982011-7,Ticket To Romance (En enkelt til Korsør),Hank Wales,Lebsack-Jacobson,1993,10
039423888-5,Cradle 2 the Grave,Selestina Bowfin,Swaniawski-Kutch,1995,40
041303236-1,"Great Happiness Space, The: Tale of an Osaka Love Thief",Alameda Petrushka,"Rice, Pacocha and Metz",2000,80
751815727-6,"Devil Rides Out, The",Shaylyn Colman,Streich Inc,1988,41
571440686-9,Tell Them Who You Are,Marybelle Matusov,Shanahan Inc,1988,60
011147218-0,Payment Deferred,Xylia Hutton,Little LLC,1993,93
397839446-4,Half Moon Street,Baron Troy,Watsica-Thiel,2009,67
135735317-0,Industrial Symphony No. 1: The Dream of the Brokenhearted,Mady Balham,Fahey-Rosenbaum,1998,88
655343104-3,Big Bang in Tunguska (Das Rätsel von Tunguska),Farrell McLaren,Bashirian-McClure,2006,47
007864994-3,"Jazz Singer, The",Matty Dorow,Cassin-Gerlach,1993,62
950214453-8,Melody,Nedi Schwandner,Bauch Inc,1998,43
218331796-5,Grass,Raff Witheford,Mitchell Inc,1997,59
091868584-2,Everyone Says I Love You,Marlo Baudains,"Gleichner, Wiegand and Hills",2006,45
921434483-3,Karthik Calling Karthik,Karim Caplan,"Ondricka, King and Brown",1997,36
682952400-8,"Shaggy D.A., The",Radcliffe Dimic,Pfannerstill-Jacobs,1992,75
233421923-1,Talk of Angels,Issy Duddridge,"Kuvalis, Mayer and Ernser",1989,15
898902735-7,Big Momma's House 2,Cirillo Du Pre,Kautzer Group,2012,15
223415971-7,"Five Wives, Three Secretaries and Me",Clay Parfrey,"Ward, O'Reilly and Homenick",2002,47
705415295-6,Mark of the Cop,Dode Tite,Hand Inc,2011,42
074322238-5,Robot & Frank,Gustaf Lidgley,Weimann and Sons,2002,30
615149510-1,Duel,Rana Fairweather,Becker Inc,2001,94
886852199-7,Lights Out,Freddie Parell,Streich and Sons,2011,94
411157630-3,"Time Machine, The",Tonye Connaughton,Gibson Group,2010,44
784708808-8,"Death Kiss, The",Idell Harry,"Kihn, Leffler and Sipes",2012,40
883829796-7,Memories (Memorîzu),Adaline Gilbert,Keeling-Boyer,1994,8
033070670-5,"Baron of Arizona, The",Micky Gillogley,Smith LLC,2002,57
851793227-7,War of the Shaolin Temple (Shao Lin shi san gun seng),Fenelia Eddies,Moore Group,2004,69
175245106-6,Flash Gordon Conquers the Universe,Shay Botte,Willms LLC,1995,69
758168403-2,Burton and Taylor,Osborne Eales,"Monahan, Friesen and Bogisich",1985,58
594934028-0,"Detective, The (C+ jing taam)",Cobbie Ruane,Breitenberg-Flatley,2009,60
435059089-7,Young Goethe in Love,Gretchen Eddie,Wisoky-Schultz,1992,27
831279900-1,The Son of the Sheik,Kalie Rubega,"Schmitt, Borer and Kris",2009,61
203998988-9,Birdman,Anastasia Caldairou,"Corwin, Moen and Veum",1998,72
858064502-6,Poklosie,Aurelie Kobu,"Tremblay, Botsford and Pacocha",2004,55
401350052-3,Bloody Angels (1732 Høtten: Marerittet har et postnummer),Eric Langstaff,Cormier and Sons,2011,54
628007803-5,Faces of Death,Zeke Isaak,Nicolas LLC,2000,21
594737674-1,Hannie Caulder,Cristin Casella,"Kub, Macejkovic and Green",1985,37
992666059-2,No Such Thing,Jaquith Erickson,Bogan LLC,2001,49
990170716-1,Zoolander,Rhiamon Kleiner,Wisoky LLC,2005,90
039495263-4,Igor,Shaine Ferriere,"Klein, Nicolas and Kuvalis",1994,20
027812745-2,Aziz Ansari: Dangerously Delicious,Filberte Durrett,Schamberger LLC,2008,44
486680780-6,In a Year with 13 Moons (In einem Jahr mit 13 Monden),Tobie Lavender,Walter-Heaney,1990,93
010541269-4,The Color of Milk,Zorine Riddiford,Parisian LLC,2012,26
861885377-1,Mortuary,Jared Haythorne,Schuster-Bruen,2005,11
526364795-6,Parenthood,Jarred Rookesby,Braun Group,2002,19
904139659-4,Voodoo Tiger,Atlante Tewnion,Swaniawski-Blanda,2007,79
963269639-5,Jamesy Boy,Emlyn Pacht,Hane and Sons,1994,27
576219803-0,Service (Serbis),Julia Toffoloni,Wyman Inc,1996,46
627714259-3,And Everything Is Going Fine,Hedy Jozefiak,Bernier Inc,2000,83
825912970-1,"First $20 Million Is Always the Hardest, The",Aili Littley,Rohan Group,1995,79
222742266-1,Sea of Love,Willis Poppleston,Mraz and Sons,2007,84
707472258-8,Mammy,Noel Tregien,Jacobi-Heaney,2006,11
842592296-8,In the Shadow of Doubt (Epäilyksen varjossa),Martita Loch,"Turner, Hessel and Balistreri",1986,5
870721395-6,"Black Balloon, The",Arni Grunguer,Predovic-Keebler,1986,91
246768931-X,Eight Men Out,Alisun Farfalameev,Beatty and Sons,2000,84
715049044-1,Bring It On Again,Denni Colquite,Rice-Auer,1998,34
871873358-1,Rapid Fire,Rakel Champkins,Bauch Group,2000,36
757186285-X,Xingu ,Ryun Dwelling,Padberg-Shields,2007,66
837015880-3,Bloodsport 2 (a.k.a. Bloodsport II: The Next Kumite),Fields Flude,"Frami, Murazik and Nienow",2002,80
139594696-5,So Undercover,Esme Roiz,"Kozey, Bradtke and Reichel",1994,40
171515371-5,"Angry Silence, The",Barnabe Grigoroni,O'Connell Group,2009,77
611899490-0,Tales from the Hood,Perry Gregol,"Spinka, Stoltenberg and Erdman",1989,75
186995697-4,Sweet Smell of Success,Darb Morriss,"Cormier, Turner and Goodwin",1993,19
078304018-0,Down to Earth,Tab Gonsalo,Kautzer-Connelly,1999,80
508716969-4,Father of the Bride,Carolee Scirman,Stoltenberg-Mayer,1999,49
941720397-5,"Very Potter Sequel, A",Lise Huburn,VonRueden-Hermann,1994,16
308979536-1,"Mind Reader, The",Thibaud Norgate,"Howell, Grimes and Lueilwitz",1990,64
389003953-7,Bye-Bye Bin Laden,Gertruda Sterricker,Rath-Davis,2000,10
266279107-1,Taming the Fire (Ukroshcheniye ognya),Pietra Meers,Brakus-Smith,2000,53
446461461-2,Dealin' with Idiots,Olympia Enos,Krajcik-Blick,2012,84
561932222-X,"Last Horror Movie, The",Kelsey Scothorne,Beahan Inc,2002,84
812035145-2,Phantoms,Tasia Pippard,"Kirlin, Green and Bogisich",2007,58
070076065-2,Vidal Sassoon: The Movie,Link Triplet,Harris-Roberts,2009,38
499766442-1,"Man Who Loved Women, The (Homme qui aimait les femmes, L')",Yanaton Duxbarry,"Hickle, Reilly and Kuhic",1989,82
453035015-0,The Gun That Won the West,Kevina McQuorkell,Waelchi Group,2000,67
619975985-0,War and Peace (Jang Aur Aman),Lynna Blackett,Schuppe-McKenzie,2011,21
329635404-2,"Golden Age, The (Âge d'Or, L')",Shawnee Connar,Ratke Group,2012,89
916450844-7,Majesteit,Harrietta Girodin,Will and Sons,1995,90
922450957-6,It's Good to Be Alive,Alonzo Lutwidge,Boyle-Corkery,2008,19
940405636-7,Bruna Surfistinha,Abelard Pyzer,"Pagac, Weimann and Cronin",1995,76
623534958-0,Air Crew,Myrtle Kelsell,"Cremin, Block and Dietrich",1994,89
847245965-9,Diminished Capacity,Cinnamon Vassay,"Schuppe, Ortiz and Medhurst",2011,26
427697529-8,Master and Commander: The Far Side of the World,Ardeen Bricket,Swaniawski-Huels,1992,45
171633068-8,Sachs' Disease (La maladie de Sachs),Sibel Huglin,"Boehm, Cormier and Farrell",2010,4
544335393-4,"Arrival of a Train, The",Delilah Winear,Hansen-Metz,1998,21
916879116-X,"Big Circus, The",Sonya Barnes,"Farrell, McCullough and Keebler",2004,6
726836268-4,"Brink's Job, The",Lyda Thornewill,"Gerlach, Brakus and Spinka",1994,37
754718426-X,Chasers,Jannelle Hovenden,"Fisher, Green and Brakus",2004,76
521784193-1,Michael,Scot Dallywater,Ratke-Stokes,2005,49
772701888-0,"Virginity Hit, The",Johny Portriss,Powlowski-Kunde,2006,99
249060418-X,"Confessor, The (a.k.a. The Good Shepherd)",Vivian Habden,Kub Group,2005,96
682672617-3,Just Like a Woman,Brendis Bridgen,Osinski and Sons,2011,87
864341329-1,Loners (Samotári),Antonius Guarin,Mante and Sons,2000,15
742001526-0,The Studio Murder Mystery,Maddie Verey,"Hamill, Doyle and Romaguera",2005,66
590849546-8,Student Bodies,Yolanda Bortoloni,"Boehm, Stokes and Jaskolski",1998,14
575817897-7,Vibes,Loutitia Pawel,Brekke-Parisian,2004,86
164710993-0,Quicksand,Devondra Roddan,"Towne, Adams and Mueller",2009,68
192416554-6,Of Unknown Origin,Susann Opie,Nolan Inc,2008,85
434520139-X,Tycoon (Oligarkh),Ainslie Klimus,Feest-Kautzer,2012,36
703980768-8,"Inheritors, The (Siebtelbauern, Die)",Shalna Drain,Breitenberg LLC,2006,7
386315284-0,Spellbound,Nester Riccio,Stokes-Spinka,2011,45
464052063-8,Female Demon Ohyaku (Yôen dokufuden hannya no ohyaku),Adolphe Petrashkov,Mayer LLC,2000,66
165479461-9,Let It Snow,Jill Rattenbury,"Torp, Bosco and Barton",1997,60
471201275-7,Home Sweet Home,Cassey Karchewski,Rippin Group,2007,59
945588976-5,"Woman Always Pays, The (Afgrunden) (Abyss, The)",Andros Roycroft,Moen LLC,2007,59
216424183-5,Goofy Movies Number One,Weston Curreen,Cole LLC,2005,37
030263262-X,Diary of a Cannibal,Babbie Gehrels,Sipes-Gulgowski,2005,75
593548454-4,Telling You,Bobinette Paolucci,"Haag, Barton and Schamberger",1975,8
575394514-7,Ten Minutes Older,Jennette Cordeau],Goodwin-Oberbrunner,1992,11
631624926-8,Mike's Murder,Kat Ghiron,O'Conner Inc,2013,24
046551354-9,Cemetery Man (Dellamorte Dellamore),Haydon Pic,McLaughlin and Sons,2008,11
520780238-0,Walter Defends Sarajevo (Valter brani Sarajevo),Madalena Saunder,Ortiz-Wyman,2011,49
735469728-1,Zombies on Broadway,Ellyn Risson,Grimes Group,2000,92
352775060-6,"Dance, Girl, Dance",Kara-lynn Follitt,"Effertz, Zemlak and Stoltenberg",1997,26
338529865-2,"Drowning Pool, The",Elene Wason,Hintz and Sons,2012,37
076417410-X,Gurren Lagann: Childhood's End (Gekijô ban Tengen toppa guren ragan: Guren hen),Clementius Rostron,"Mueller, Spinka and Friesen",1998,65
217123833-X,3:10 to Yuma,Christy Peal,Armstrong LLC,1995,45
676054133-2,Vibrator,Lucho De Beneditti,"Reichert, Lueilwitz and Hodkiewicz",2005,47
724009107-4,Noah,Selestina Swift,Walker Inc,2004,67
026690093-3,Sorority Boys,Esdras Bugby,Wolf LLC,1989,56
857358026-7,Monsters vs. Aliens,Danell Agney,Johns-Jacobs,2001,53
636114382-1,"Faraway, So Close (In weiter Ferne, so nah!)",Grete Murtell,Kutch-Mayert,2006,83
698513012-7,Forest of the Gods (Dievu miskas),Candra Shelford,"Reynolds, Rohan and Bogan",1993,95
781285891-X,Tennessee,Bertrand Earles,Denesik-Rutherford,1997,9
395424996-0,Bite the Bullet,Barry Mansford,"Leffler, Wintheiser and Gleason",1991,89
989844338-3,"Marriage Circle, The",Keane Escofier,Fritsch Group,1963,28
624955615-X,Breathing Room,Elton Busch,Hamill and Sons,2013,73
442060169-8,"Incredible Hulk, The",Gerladina Ricco,Heller-Weimann,1990,79
580512208-1,White Mischief,Kathie Warrior,Rutherford Group,1999,84
046946143-8,Aprile,Malorie Cathel,Schowalter and Sons,1995,46
077293234-4,Pillow of Death,Roana Carmont,Corwin-Zemlak,2006,62
157039609-4,"Sentinel, The",Benjamin Maxwaile,Wintheiser-Rolfson,2002,89
967868956-1,Unfaithfully Yours,Laurella Feavers,Bode-Murray,1958,28
060267226-0,Christmas in Connecticut,Charis Grinvalds,Kub-Carroll,2002,11
454233263-2,Full Tilt Boogie,Kimberly Skeete,Wintheiser-Dicki,2001,46
645589608-4,Dr. Jekyll and Mr. Hyde,Arlan Eard,"Harvey, Medhurst and Dickens",2012,72
902665134-1,"Vampir (Cuadecuc, vampir)",Marcelline Fayter,Prohaska-Boyle,2001,50
932214701-6,Halls of Montezuma,Violette Judron,"McDermott, Haag and Feeney",2006,80
599340924-X,Tell,Barbee Ishak,"Mante, Wunsch and Paucek",2010,42
397545552-7,The Old Maid,Christie Schellig,Price-Morar,1981,77
598403568-5,"Bubble, The (Ha-Buah)",Errol Junkison,Legros LLC,1995,14
912319835-4,Wer,Abdel Lochhead,Considine-Ebert,2003,66
463641860-3,"Thick as Thieves (a.k.a. Code, The)",Cary Blizard,"Morar, Marks and Koch",2003,89
850003018-6,Rammbock,Syman Berzin,Hamill-Paucek,2009,83
157524969-3,Without Lying Down: Frances Marion and the Power of Women in Hollywood,Cointon Frape,Abshire-Howell,2011,87
641684966-6,"Hey, Happy!",Amil Kernan,"Grant, Ankunding and D'Amore",1999,1
378928654-0,Big Eden,Seamus Clapton,Schimmel and Sons,1996,23
024399586-5,Buck Privates,Farra Meader,West-Rolfson,1994,97
919411014-X,Croupier,Truda Bendel,Wilderman Inc,1999,61
880351728-6,Gallowwalkers,Dorette Sawer,Gulgowski Inc,2005,19
354359602-0,George Lopez: America's Mexican,Bondie Maskell,"Satterfield, McClure and Sauer",2010,20
441614583-7,Liar Liar,Barclay Kingsford,"Luettgen, Ward and Ortiz",1972,8
923619892-9,One Way Boogie Woogie,Bart Tampin,"Stoltenberg, Wiza and Raynor",2009,53
982517746-2,"Debut, The",Germaine Brotherhood,Kilback and Sons,2008,10
063982861-2,"Dark Corner, The",Rebeca Cranage,Ratke and Sons,1997,62
906530402-9,"Perfect Holiday, The",Uri Doody,"Dach, Tremblay and Howe",2012,26
668336752-3,Home on the Range,Krystle Dring,"Rath, Koelpin and Ernser",2011,90
456457580-5,Continental Divide,Jeanna Marklund,Kovacek-Hessel,1985,57
609478287-9,They Only Kill Their Masters,Toby Clethro,"Rohan, Cronin and Russel",2012,87
704322467-5,Smiles of a Summer Night (Sommarnattens leende),Lanny Rollinshaw,Nitzsche Group,1995,65
233988328-8,"Curse of the Hedgehog, The (Blestemul ariciului)",Kirby Pau,"Streich, Kozey and Swaniawski",1984,66
137651002-2,Calamity Jane,Deane Gamble,DuBuque-Kihn,1990,92
249307590-0,Ill Gotten Gains,Stephine Fine,Reynolds-Hammes,2010,17
826902352-3,Baby's Day Out,Sonni Scriver,"Wiza, Smitham and Osinski",1994,86
392637655-4,Sweet Land,Farris Provost,Cummerata LLC,1993,38
290669609-9,"Willow Tree, The (Beed-e majnoon)",Husain Rustadge,Paucek and Sons,1965,12
908080165-8,"Elvira, Mistress of the Dark",Michaela Inggall,Hermann Inc,1993,73
909634843-5,Average Italian,Nester Birbeck,Maggio and Sons,2003,17
374911886-8,"Beast from 20,000 Fathoms, The",Duky Lepere,"Cronin, Mayert and Brekke",2012,39
516818507-X,Blackthorn,Shaylyn Ghidoli,Donnelly and Sons,2009,29
959093028-X,Dillinger Is Dead (Dillinger è morto),Gretchen Alfonsetto,McLaughlin and Sons,2006,18
884740803-2,"Darkman II: Return of Durant, The",Estrella Heeps,"Wiegand, Nicolas and Torphy",2008,67
345101873-X,Pitkä kuuma kesä,Brod Nayer,"Dibbert, MacGyver and Reichert",2008,6
110341854-8,Lucie Aubrac,Salome Stanway,Rempel-Oberbrunner,1998,18
808724558-X,"Armwrestler From Solitude, The (Armbryterskan från Ensamheten)",Reta Allot,"Kuvalis, Jenkins and Greenfelder",1999,96
587524073-3,Easy,Wilone Brugmann,Bogisich-Kuhlman,2007,25
134376491-2,Crime Wave,Cornela Espin,"Hoppe, Schultz and D'Amore",2004,80
852685206-X,"Last Elvis, The (Último Elvis, El)",Jason Houldcroft,O'Keefe-Conroy,2010,29
776627758-1,Susan Lenox (Her Fall and Rise),Frasier Van der Kruis,Wiza-Wehner,1998,29
552903914-6,Mildred Pierce,Courtenay Jordin,"Wolff, Collins and Jakubowski",1995,50
252615024-8,Borrowed Time,Tobi Garwill,Kirlin-Farrell,1994,40
977899711-X,Godzilla,Harper Demkowicz,Heaney-Prohaska,2009,46
454013622-4,"Program, The",Amandy Gorusso,"Trantow, Abshire and Zemlak",1964,48
189870565-8,"Saban, Son of Saban",Sorcha Gaither,Cormier-Johns,2009,37
120781529-2,Cargo,Hamnet McWhan,Krajcik LLC,2007,58
589385083-1,American Ninja 4: The Annihilation,Goddart Cuerdale,Olson Group,2005,80
073562232-9,Summer Lovers,Hinda Gelardi,Boyle-Schaefer,1997,15
432004089-9,The Vanishing American,Torrin Foxton,Larkin and Sons,2006,29
474851021-8,Tidal Wave,Clarance Brogini,Pfannerstill Inc,2002,13
664730928-4,Beyond the Forest,Grissel Milmo,"Berge, Swaniawski and Koepp",1999,16
041054174-5,Attack of the 50ft Cheerleader,Cari Brakespear,Howell LLC,2005,99
073254496-3,Paan Singh Tomar,Abner Jopp,"Kreiger, Sanford and Hauck",1991,92
197183113-1,Warrior of the Lost World,Koressa McRamsey,Cassin and Sons,1991,66
994006740-2,Assault on Precinct 13,Catarina Gullyes,Morar-Wisozk,2000,41
410840716-4,"Big Bang Theory, The (2007-)",Lanny Lawling,Hayes and Sons,1994,32
976150548-0,Sgt. Pepper's Lonely Hearts Club Band,Emmery Fessler,McCullough Group,2010,8
356113026-7,Bedazzled,Daveen Kilcullen,Moen-Doyle,2004,23
344339835-9,Five and Ten,Adelaide Blitzer,Kassulke Group,2008,87
768728460-7,"Quatermass Xperiment, The",Karola Caldaro,Rau Inc,2011,52
093478281-4,30 Beats,Lorrayne Rushworth,Little and Sons,2006,49
878660290-X,Coup de torchon (Clean Slate),Blanche Wellen,"Schuppe, Orn and Smith",2012,78
113645703-8,"New Kind of Love, A",Isabel Suscens,"Cremin, Bauch and Prohaska",2008,66
885906124-5,Hangtime - Kein leichtes Spiel,Pincas Boord,Boyle-Kihn,2003,82
669611939-6,Moordwijven,Sinclair Schusterl,"Reichert, Rohan and Cummerata",1999,87
117829532-X,"Cost of Living, The (Le coût de la vie)",Dorian Mattea,"Kunze, Pagac and Pouros",1999,6
074109516-5,Till Human Voices Wake Us,Kalle Rappaport,Armstrong-Kuvalis,2005,22
557444441-0,Much Ado About Nothing,Lazarus Mallabone,Boyle-Morar,1987,86
598360539-9,Strawberries in the Supermarket (Jagoda u supermarketu) ,Felecia Semmens,Lemke and Sons,1996,8
054114077-9,8th Wonderland,Garner Kippins,"Miller, Kerluke and Leffler",1985,96
031125496-9,Dr. Akagi (Kanzo sensei),Teodoor Terry,Rowe Inc,1985,1
348377394-0,Dead in Tombstone,Efren Vossgen,Kiehn-Lueilwitz,2008,21
122241357-4,Slam Dance,Barbara Gaukroger,Anderson-Wunsch,2007,3
303144609-7,Zatoichi's Vengeance (Zatôichi no uta ga kikoeru) (Zatôichi 13),Walliw Matteoli,Schinner-Crooks,2000,54
914175207-4,Buffalo '66 (a.k.a. Buffalo 66),Agosto Lally,"Borer, Bradtke and Stamm",1998,49
467335508-3,After Alice (Eye of the Killer),Tris Graine,"Lockman, Koch and Skiles",2007,46
214919253-5,Kauwboy,Alanna Jedrachowicz,Cremin and Sons,2012,63
346451950-3,Hellzapoppin',Christabella Voden,Padberg-Fay,2005,53
904388393-X,"Goat, The",Isaac Mingay,Considine Inc,1996,98
506847111-9,"Italian Job, The",Julie Michele,Hermann LLC,1995,21
612547708-8,"General Died at Dawn, The",Dominica Reilly,"Bayer, Franecki and Tromp",2011,30
446198560-1,Vertigo,Chad Henighan,"Reilly, Parker and Bartoletti",1969,69
571834441-8,Anotherworld,Mirabella McQuirk,"Christiansen, Walter and Schaefer",2001,23
395995895-1,Chained for Life,Silvio Casham,Quigley and Sons,2011,81
920239145-9,City Slickers,Joachim Privett,Bauch-Maggio,1993,13
462592383-2,Mimino,Gabrielle Lattos,"Jaskolski, Cole and Langworth",1992,41
518368751-X,Intouchables,Zorine Chater,Ruecker Inc,2009,18
059544389-3,Score: A Hockey Musical,Ellwood Beckwith,Ward-Gutmann,2006,70
750683393-X,Alive Inside,Geraldine Sherewood,"Leffler, Lindgren and Jacobs",1988,76
288840076-6,Eminem AKA ,Dorthy Cluely,Abbott and Sons,2009,36
931803991-3,Plankton,Free Shrimpling,"Denesik, Walsh and Volkman",1991,90
858863446-5,Arn: The Knight Templar (Arn - Tempelriddaren),Gibby Iacobacci,"Stokes, Kling and DuBuque",1997,22
392279917-5,Faithless (Trolösa),Marlin Loseke,Pfeffer LLC,2004,68
754724986-8,Three Brave Men,Antonina Wiburn,"Stiedemann, Spinka and Bergnaum",1990,80
867167262-X,Frozen,Lionello Sennett,"Reynolds, Larson and Marks",2009,78
992481445-2,Alexandra (Aleksandra),Claretta Vaney,Considine Group,1999,78
647509285-1,"Dead, The",Giffie Cossans,Kohler Inc,2003,80
238622913-0,"Unknown Soldier, The (Unbekannte Soldat, Der)",Nate Beels,"Mante, Mayert and Becker",1992,79
015269294-0,Mary Poppins,Dmitri Smurfit,Kihn-Monahan,2004,7
932981799-8,Evita,Thaddus Sehorsch,"Zulauf, Kessler and Swaniawski",1990,80
033118475-3,Why Do Fools Fall In Love?,Hyacinthie Heindle,Gutmann and Sons,2004,31
462890943-1,Afghan Star,Alexandros Spread,Schneider LLC,2013,15
636341664-7,Lethal Weapon 2,Danny Jarred,"Huel, Cassin and Berge",1992,16
577722233-1,Bill & Ted's Excellent Adventure,Ivory Scoffham,Kozey-Vandervort,2001,57
720963304-9,"Mating Game, The",Rowan Vallery,Monahan-Hamill,2003,45
597900136-0,Meltdown (Shu dan long wei),Bryanty Tallis,Hintz-Barrows,1996,6
739035360-0,Zero Tolerance (Noll tolerans),Elly Lambard,Lesch Inc,2008,38
852833403-1,Twixt,Delly Di Maggio,Bins-Hirthe,2004,40
215475715-4,Putzel,Hermann Audiss,"Hudson, Thompson and Simonis",2000,69
311228323-6,"Last King of Scotland, The",Malchy Aloigi,"Bogan, Skiles and Bogisich",2009,16
644893353-0,Johnny Eager,Tabby Childe,"Walter, O'Kon and Bechtelar",2003,11
644205843-3,Mar Baum,Wren Shinfield,"Leuschke, Larson and VonRueden",2003,84
546599936-5,Out of Sight,Werner Yakovlev,Pagac-Murray,1992,86
749579213-2,Just a Sigh,Jacklyn Jessup,Ondricka and Sons,2006,61
001846591-9,As Cool As I Am,Ogdan Muge,"Greenfelder, Little and Will",2011,29
524364163-4,Thelma & Louise,Agustin Bourbon,"Schowalter, Bins and MacGyver",1986,72
956831671-X,The Land Before Time IX: Journey to the Big Water,Rhody Ivanitsa,Fritsch-Glover,2000,81
167249057-X,"Violin, El",Goddard Schild,Conn-Legros,1998,13
022365509-0,Brigham Young,Deidre Willavize,Hand-Langosh,2010,22
299546086-X,"Man Who Came to Dinner, The",Geraldine Snar,Hilll LLC,2002,63
703016115-7,Cinderella Man,Ive Sinnock,Leannon and Sons,2006,19
222982203-9,Dear Wendy,Sonny Kasher,Schulist Group,1995,46
884949158-1,1,Sharona Langcaster,Stark-Hahn,1994,81
092814017-2,Jungle Book,Jermayne Biesterfeld,"Hane, Jacobi and Hahn",2007,44
383714007-5,Pépé le Moko,Charis Rengger,Zboncak-McKenzie,2008,81
311051699-3,Heckler,Lucine Steffens,Wolf-Reichert,2007,43
194967613-7,Commandos Strike at Dawn,Killian Dwyer,"Quitzon, Windler and Sawayn",2008,19
893561167-0,Portrait of Wally,Ermina Lyne,Kutch-Leffler,1990,75
311114854-8,Home from the Hill,Zedekiah Kell,Hauck LLC,2012,97
865687431-4,Gulliver's Travels,Nedda Amies,"Parker, Kuhic and Sawayn",2004,60
145235032-9,Married Life,Colver Sich,"Herzog, Thompson and Terry",2005,93
658344178-0,Motocrossed,Petronia MacSporran,"Mraz, Gorczany and Pouros",2004,77
498010447-9,Golem,Dennie Giacobelli,Marquardt Group,1985,95
279368765-0,Big Trouble in Little China,Beverie De Lacey,Kunze-Huel,1992,58
485478492-X,Hotel,Kirsti Penniall,Dietrich-Gutkowski,2000,25
286577067-2,Answers to Nothing,Etienne Ridding,Cole LLC,1997,80
250181548-3,Find Me Guilty,Bar Laimable,Schmidt LLC,2006,80
300071002-7,Cyberjack (Virtual Assassin),Care Krinks,Herman-Ullrich,2004,78
531963109-X,Killer Force,Vick Theuss,Koch Group,2011,95
412404602-2,Ghost Son,Monroe Dealey,"Spinka, Smith and Hoppe",2002,44
306408746-0,Fermat's Room (La habitación de Fermat),Katlin Luety,Harber LLC,2011,51
037867176-6,A Fugitive from the Past,Ambrosius Lander,"Parisian, Ferry and Weissnat",2008,25
912273741-3,Shirin in Love,Debora Worboys,"Gislason, White and Legros",1993,79
827060501-8,Never Die Alone,Felipe Ivanyukov,"Satterfield, Rempel and Reilly",2006,41
967525427-0,"Prodigal Son, The (Bai ga jai)",Fonz Pendlenton,"Schmitt, Conn and Prosacco",2001,100
671991365-4,Loaded,Trace Ashton,"Schaefer, Rowe and Bauch",2005,76
555064321-9,Wrong Turn 3: Left for Dead,Jake Mulqueen,Swift Inc,1999,97
426812088-2,Killer Elite,Beck Bracci,Balistreri Inc,2006,23
994811639-9,To the Devil a Daughter,Noel Carding,Boyle Inc,1993,77
413200194-6,Rasputin,Holmes Cherry,Spinka Group,2002,81
649709911-5,Riding the Bullet,Pablo Joblin,"Heathcote, Feeney and Friesen",2005,48
465719801-7,On the Rumba River (On the Rhumba River),Pietrek Willmont,Jerde LLC,2010,11
154993615-8,October,Klemens Norvell,Dibbert-Jacobs,2006,53
588123149-X,"American Tail, An",Valentine Ilyuchyov,"Lehner, Cremin and Rau",2008,51
315009522-0,"Double Hour, The (La doppia ora)",Benedikt Attow,Upton-Crooks,2008,86
387110518-X,Little Big Soldier (Da bing xiao jiang),Peter Nickoll,"Prohaska, Grant and Weimann",1961,13
414315403-X,Julia,Coralie Cawcutt,Bruen-Will,2011,20
363529451-9,Ghost,Frances Cavozzi,Gulgowski-Kohler,2007,42
919726207-2,Just Write,Lucky Winckle,Little-Fadel,2001,91
220987072-0,America Before Columbus,Melony Rosingdall,Padberg Inc,2007,20
051684321-4,Just a Little Harmless Sex,Olva Ellis,Becker-Howell,1999,54
718437399-5,Tracker,Vidovik St. Quintin,"Stroman, Little and Legros",2010,66
403737659-8,"Legend of Rita, The (Stille nach dem Schuß, Die)",Del Skill,"Aufderhar, Cummerata and Hamill",1995,50
087359252-2,"Pirates of Penzance, The",Gui Tomankiewicz,Koepp-Smitham,2005,97
301399584-X,13B,Sherlock McKerlie,Rippin-Bednar,2003,22
879345169-5,Irreconcilable Differences,Pierette Canniffe,Bogisich LLC,1996,15
741177005-1,"Bitch, The (La chienne)",Polly Ussher,DuBuque-Lueilwitz,1994,92
513982285-7,Mad Monster Party?,Beverie Tumasian,Kuhlman LLC,2009,2
971558937-5,The Robot vs. the Aztec Mummy,Issie Knewstub,"Luettgen, Wiegand and Cummerata",1992,38
993128166-9,Dreamland,Debby Neames,Murray Inc,1999,29
534212273-2,Mystery Road,Joey Corkhill,"Lueilwitz, Kozey and Klocko",1995,18
742230545-2,"Fugitive, The",Taddeo Kolakovic,"Nicolas, Hudson and Breitenberg",2003,3
400262002-6,"Story of Seabiscuit, The",Bran Walsom,Heathcote-Brekke,2006,16
307675644-3,Battleship Potemkin,Rozalin Sheivels,Bailey-Murray,2006,38
578152755-9,Following Sean,Sansone Maylott,Hickle-Stoltenberg,2003,76
043038880-2,Hedgehog in the Fog,Agneta Shearwood,Lesch Inc,2008,39
791782004-1,"Man Who Knew Too Much, The",Pascale Derington,"Wyman, O'Keefe and Welch",2008,4
085781773-6,"Last Exorcism Part II, The",Bear Beamish,"Stokes, Larson and Robel",2009,44
436338804-8,Maze,Gert Stife,Green-West,1968,1
960792758-3,Bulworth,Rey Paulin,Connelly Inc,2011,12
305855402-8,Zatoichi and the Chess Expert (Zatôichi Jigoku tabi) (Zatôichi 12),Madlin Rees,Farrell-Rath,2008,85
798579483-2,House of Frankenstein,Wynnie Virr,"Lebsack, Fahey and Rippin",2006,68
831177590-7,The Hound of the Baskervilles,Min Kamienski,Bashirian and Sons,2007,96
071596887-4,Pokémon the Movie: Black - Victini and Reshiram,Katusha Skermer,"Gutkowski, Blick and Emard",1993,12
321645291-3,Oscar and Lucinda (a.k.a. Oscar & Lucinda),Robin Sadd,Grant-Abshire,2008,9
829381148-X,"Kiss, The",Phaidra Wonfar,"Lakin, Kozey and Feeney",1996,92
451077223-8,That Kiljunen Family (Kiljusen herrasväki),Karlyn Paddemore,Hayes-Barton,2008,76
081205039-8,Jeanne and the Perfect Guy (Jeanne et le garçon formidable),Madelaine Lorkins,"Dare, Donnelly and Homenick",2005,22
304708003-8,Mimino,Bernadette Skinn,Hintz-Boehm,1997,14
811386923-9,Dr. Crippen,Kath Moylan,Legros and Sons,1995,75
368136930-5,"Atomic Submarine, The",Henryetta Grabert,"Davis, O'Conner and Ullrich",1999,26
031344151-0,"Idiot, The (Hakuchi)",Darb Gronav,"Mann, Beier and Heaney",2001,84
575215662-9,Incubus,Issy Beeden,Brown Group,1990,66
138670852-6,Balls Out: Gary the Tennis Coach,Tonye Vearncomb,Hettinger Group,2005,98
061852520-3,Stella,Libbey Hebborne,"Kuhlman, Halvorson and Turner",2003,42
707977114-5,"Men Who Tread on the Tiger's Tail, The (Tora no o wo fumu otokotachi)",Keary Powter,"Harris, DuBuque and Yundt",2011,92
249384846-2,Private Lessons,Jeane Ingliby,Koepp-Ankunding,2012,21
300343236-2,Christopher Strong,Bearnard McLeish,Franecki and Sons,1996,30
866710556-2,Exit to Hell,Alfons Matteucci,Rogahn Group,1993,60
929603872-3,Different from the Others (Anders als die Andern),Vivianna Vallerine,Moen-Murazik,1994,91
655515983-9,Control (Kontroll),Ulla Kinneir,Abbott-Abernathy,2012,99
631430925-5,Nothing to Lose,Nicolai Powe,Stark Group,2004,70
776684000-6,Strapped,Nicolette Darrach,Shields Inc,2003,12
962096255-9,My Darling Clementine,Marika Campanelle,Balistreri-Conroy,2003,20
450908350-5,In the Name of the King: A Dungeon Siege Tale,Mora Harland,Upton-Mayert,1989,67
667167592-9,Giants and Toys (Kyojin to gangu),Demetri Culwen,Muller-Ratke,2010,56
818584443-7,Black Fury,Cody Haversham,Gottlieb and Sons,2004,89
343479228-7,Marvin's Room,Kimball Campelli,Rohan LLC,2001,81
652057564-X,Death Warrant,Nicol Plues,Farrell-Breitenberg,1996,34
377510453-4,"Trail Beyond, The",Ivan Delahunty,Nicolas-Denesik,1992,61
035272783-7,Amazing Journey: The Story of The Who,Chiarra Bew,"Ledner, Kreiger and Reynolds",2009,51
062730459-1,Young Einstein,Jobina Thewles,Ortiz-Swift,1995,23
238046114-7,"Bachelor and the Bobby-Soxer, The",Anette Swanwick,Schaden-Blanda,2012,25
334941670-5,Why We Fight,Armand Peggs,Smith-Wiza,2007,44
448282706-1,Fiddle-de-dee,Nicolette Abrahm,Kozey-Lang,2007,8
487464939-4,Death In Love,Alleen Coil,"Altenwerth, Parker and Tromp",1999,34
159605645-2,Ballad of the Little Soldier (Ballade vom kleinen Soldaten),Georgette Cordeux,"Fadel, Brakus and Bernier",1996,16
900692590-X,My Dog Tulip,Filbert Richie,"Legros, Keebler and Harvey",1981,82
910586166-7,Holy Rollers,Avis Hacquoil,"Frami, Daniel and Sipes",2009,58
028839312-0,God Bless America,Jarad Gilchrist,Zulauf-Reynolds,2005,2
602813058-3,Executive Target,Samuele Heninghem,"Stamm, Raynor and Stracke",1994,29
220037090-3,Open Grave,Garner Creighton,O'Keefe LLC,1997,6
362101401-2,Keith Lemon: The Film,Salim Vella,"Hickle, Luettgen and Champlin",1995,12
047558508-9,"Cassandra Crossing, The",Perri Raistrick,Lind and Sons,2002,3
983102642-X,Summer with Monika (Sommaren med Monika),Loleta Rittelmeyer,"Wolf, Beer and Emard",2008,2
882917234-0,Jesse Stone: Innocents Lost,Liane Purkins,"Ziemann, Predovic and Hartmann",1996,51
607454134-5,A.C.O.D.,Corbet Binley,O'Hara-Ebert,2004,56
528986275-7,Butcher Boys (Bone Boys),Ruthanne Camies,"Von, Grimes and Stroman",1995,46
644130707-3,Grease 2,Abner Hadwin,Bednar LLC,1998,66
509174170-4,Bringing Down the House,Lanni Murison,"Leannon, Labadie and Treutel",2005,86
602845030-8,Taxi 4,Opalina Rodolphe,Reilly-Beer,1996,99
341899764-3,May I Kill U?,Cy Minshall,"Raynor, Dietrich and Wisozk",2007,21
542354806-3,"Earth Dies Screaming, The",Nichole Baughen,D'Amore Inc,1986,12
606485872-9,Rockaway,Roze Fitkin,Marvin-Spencer,2002,67
566081072-1,"Son of Kong, The",Gary Rasp,"Ratke, Wiegand and Schneider",2013,41
871019110-0,Charles Bradley: Soul of America,Rayna Gitting,"Murphy, Shields and Barton",2011,36
452464121-1,Drive Hard,Sheffield Rodell,"Bins, Wisozk and Olson",1999,13
827331959-8,At Close Range,Leda Marcus,Schiller LLC,2011,62
903777763-5,Man at Bath (Homme au bain),Chiarra Halsworth,Lang-Kuhn,2005,86
814377148-2,Ranma ½: Nihao My Concubine (Ranma ½: Kessen Tôgenkyô! Hanayome o torimodose!!),Adelaide Ickov,Pollich and Sons,2009,81
263289751-3,"Thief Who Came to Dinner, The",Sherline Cramp,Harber Group,2000,60
057236656-6,"Dust Factory, The",Renado Pattenden,Johns Group,1993,58
502235128-5,Running Scared,Storm Beales,Rice and Sons,2009,74
379116579-8,Starship Invasions,Johna Burress,"Goodwin, Cole and Ward",1999,83
942045311-1,Symphony of the Soil,Ramon Woodruffe,Cummings and Sons,1996,67
405724170-1,Frankenstein Unbound,Tana Walburn,Murphy-Kling,1999,20
592728753-0,"Idiot, The (Hakuchi)",Augustin Round,Johnston-Wuckert,2007,30
536685692-2,Three Days (Tres días),Mariam Sacker,"Witting, McCullough and Bogisich",2011,26
305210203-6,Stonehearst Asylum,Marshal Stickler,Rosenbaum LLC,1990,2
941100465-2,Ocho apellidos vascos,Gladys Gandey,"Hintz, Cole and Schimmel",1993,97
000976844-0,"Weather Man, The",Meryl Dowglass,Gottlieb LLC,2007,61
267511657-2,"Illusionist, The",Thorn Pedrielli,Rice Group,2009,19
185658892-0,"Sandpiper, The",Serge Abramamov,"Reichert, Hills and Walter",2006,24
828680543-7,King Boxer: Five Fingers of Death (Tian xia di yi quan),Sile Hefferon,MacGyver-Quigley,1997,51
510319164-4,Stray Dogs (Sag-haye velgard),Isabelita Peel,Donnelly Inc,2012,84
318280159-7,Crazy Love,Griz Pollock,"Ryan, Dicki and Thompson",2007,15
751511789-3,Something Wild,Jocelyne Dymocke,Schowalter-Simonis,2011,97
307548559-4,Mahakaal (The Monster),Tom Roger,"Labadie, Hilpert and Dicki",2003,33
480943140-1,Jim Jefferies: I Swear to God,Yard Slater,Howe-Wiza,1998,53
434048577-2,"After Fall, Winter",Clemente Riolfi,Borer Group,2010,20
542488228-5,Paragraph 175,Marshal Solomonides,"Rodriguez, Hagenes and Trantow",2010,17
985840380-1,Fiston,Weylin Huck,Kulas-Blick,2006,87
046136400-X,Me tulemme taas,Frasier Kubasiewicz,Lemke-Spencer,2012,59
812142320-1,Mr. Freedom,Cecilia Haythornthwaite,Hagenes Inc,1992,89
855716324-X,Nightmares in Red White & Blue: The Evolution of the American Horror Film,Alain Rolfini,Hettinger-Erdman,2012,69
202937822-4,It's Alive,Thatch Courtliff,"Gulgowski, Murphy and Cummings",2004,74
724089050-3,Serpico,Ezekiel Howes,D'Amore-Fritsch,1988,30
151819404-4,"Gambler, The",Cynthie Everton,Kovacek-Miller,2008,70
256826618-X,13,Haywood Oakden,"Green, Hickle and Wilderman",2011,100
114672008-4,Days of Thunder,Morse Ozanne,"Abernathy, Bahringer and D'Amore",2008,15
772730092-6,I Am Divine,Norton Oake,Mayer-Murray,2005,2
260995208-2,Time Freak,Ashil Simonite,Wisozk-Ebert,2008,54
823968394-0,"Amityville Horror, The",Aylmar Powlett,Weber-Kutch,1964,39
352163890-1,Beethoven's Treasure Tail,Edith Dedham,"Fadel, Runte and Kling",2003,28
840487966-4,Wu yen,Merrick Hanretty,Russel-Rau,1992,24
625515354-1,"Minus Man, The",Waylon Skipworth,Swaniawski Group,1967,75
886204702-9,Blind Date,Monroe Poles,Lemke-Blick,2008,27
737391551-5,Ruby Cairo,Isidora Whylie,Gerhold-Huels,1985,9
256335204-5,Overlord,Mariette Warry,Dicki-Ratke,2006,65
397293720-2,Manta - Der Film,Nikolas Conneely,Armstrong and Sons,2004,42
015764744-7,Being Julia,Kaia Prew,Brekke-Lindgren,1960,35
866134191-4,Electric Shadows (Meng ying tong nian),Elena McIvor,Quitzon-Howell,2009,49
502530142-4,"Waterdance, The",Ros Sedge,"Rogahn, Farrell and Ferry",2012,34
792413101-9,Saturday the 14th,Auberta Joppich,"Prohaska, Conroy and Prosacco",2006,34
492731526-6,Men in the City (Männerherzen),Jaclin Breawood,Mayert and Sons,2003,33
056513475-2,Dave Chappelle: For What it's Worth,Madelene Treffrey,"Stiedemann, Hickle and Stehr",1998,63
999707544-7,"Waiting Room, The",Peterus Greally,"Heaney, Mohr and Steuber",1995,40
459515457-7,X,Lesley Klimshuk,Schultz Inc,2006,35
052602731-2,God Grew Tired of Us,Vincenty De Luna,O'Connell-Wiza,1998,86
474837095-5,Brazil,Giuditta Stancer,"Schinner, Braun and Dietrich",2003,97
465952079-X,"Other Man, The",Abbie Dimitriev,Pacocha LLC,2011,24
129505952-5,Yatterman (Yattâman),Emmett Ricold,"Thiel, Pacocha and Funk",1998,5
256618476-3,"Good Morning, Miss Dove",Weber Rayburn,"Emard, Ziemann and Thompson",2008,13
905768860-3,42 Up,Dori Jeandillou,"Mayert, Ward and Wolff",2002,17
718148234-3,Ghoulies II,Tomkin Fallow,Kerluke-Kautzer,2008,41
934492846-0,Meteor,Wilfred Glenwright,West-Abbott,2003,46
844000511-3,"End of Summer, The (Early Autumn) (Kohayagawa-ke no aki)",Viola Legrave,Christiansen Inc,2008,82
543975542-X,Sons of Katie Elder,Moina Hambrick,"Murray, Hansen and Gorczany",2010,1
663707247-8,2:22,Arvin Seamans,Herzog Group,2009,54
596016871-5,Counsellor at Law,Ludovika Wigfield,"Effertz, Murazik and Lakin",1990,85
911213667-0,Nevada Smith,Donnie Quibell,"Cassin, Kuphal and Maggio",2007,23
142733520-6,Sergeant Körmy and the South Pacific (Vääpeli Körmy ja etelän hetelmät),Eyde Braunfeld,"Abernathy, Connelly and Shanahan",2005,31
767331823-7,Out of the Blue,Josepha Nabarro,Gerlach Inc,1999,36
571958918-X,Hostage,Karyn Whitehorne,"Larkin, Conn and Erdman",2010,78
164682668-X,Salvation Boulevard,Genovera Norheny,Mueller-Steuber,1992,20
644713324-7,Champion,Lucretia Bleacher,Kutch Inc,1978,29
952541980-0,Killing Us Softly 3,Nisse Ratchford,Adams-Weber,2006,33
649429330-1,Revolutionary Road,Westley Theseira,"Zboncak, Parisian and Bode",2006,22
178956481-6,Stranger by the Lake (L'inconnu du lac),Modestia Klaaasen,Schultz Inc,2000,48
405301039-X,"Hen, his wife",Corliss Delooze,"Bins, Becker and Ferry",1986,93
969257325-7,"Men Who Tread on the Tiger's Tail, The (Tora no o wo fumu otokotachi)",Chevy Swatradge,Walter-Graham,1998,9
369183807-3,"Looney, Looney, Looney Bugs Bunny Movie, The",Hildy Glanester,Dicki-Sipes,2006,17
965259868-2,Bandolero!,Carmen Bachelar,"Hudson, Beahan and Kozey",2004,81
093338465-3,Doctor X,Marcellina Toleman,Schiller Group,1997,59
027294893-4,Shark in Venice,Pierce Blamphin,McGlynn Group,2001,38
777858262-7,Here Comes Mr. Jordan,Archibaldo Ranyard,"Koelpin, Hahn and Ullrich",1986,77
265358273-2,Kind Lady,Kris Falck,"Mertz, Schmeler and Zieme",1999,40
377385565-6,Slumming,Devland Rippin,McDermott LLC,1994,43
866694378-5,Je suis né d'une cigogne,Monique Annatt,Von Group,1997,25
693321441-9,Latin Music USA,Kellina Traves,"Thiel, Schulist and Rau",2010,22
668343772-6,"Cry of the Owl, The",Alfonse De Few,Franecki LLC,2000,95
071940444-4,Portrait of Maria (María Candelaria (Xochimilco)),Tiebold Letterick,Rempel-Krajcik,2006,99
720257601-5,Mystery Train,Chico Sicily,"Gislason, Goyette and Upton",2012,77
561068108-1,Man of the World,Glenden McDonand,Schaden-Kub,1995,3
280826191-8,Fresh,Murry Beverley,"Willms, Block and Padberg",1987,35
442830902-3,Macario,Cynthea Spurden,Heller-Thompson,1995,84
115210141-2,Trespass,Ennis Staff,"Ankunding, Schumm and Nienow",2003,90
397418594-1,"Reckless Moment, The",Aeriela Raubenheim,"Pfeffer, Stanton and Feeney",2010,91
886174466-4,Any Given Sunday,Emylee Blakelock,Walker-Morar,2009,80
180176716-5,Marooned,Stafford Dicken,Sawayn-Towne,1997,32
234309128-5,Sherlock Holmes in Washington,Dian Lorie,Blick-Bergstrom,1994,1
713789233-7,Dodge City,Anthiathia Mansuer,Kozey-Stracke,1991,52
108810849-0,Back to the Future,Olwen Mablestone,"Torphy, Moore and Bechtelar",2011,86
127764051-3,House II: The Second Story,Cicely McCaw,"Donnelly, Anderson and Murazik",1999,4
080488178-2,Twentieth Century,Doro Dwire,"Hessel, Harris and Lockman",2008,9
091021334-8,Night Train To Lisbon,Dniren Arghent,"Konopelski, Lindgren and Prohaska",2011,87
492746322-2,Bless the Beasts & Children,Kennie Splevins,"Aufderhar, Runte and Beier",1985,98
426630583-4,"Battle of amfAR, The",Ardisj Scathard,Senger-Turcotte,2007,43
988214184-6,Åsa-Nisse - Wälkom to Knohult,Margot Lippi,"Schinner, Wiegand and Kihn",2001,28
119288753-0,"Stars Look Down, The",April Chown,Stiedemann Group,2000,57
718978728-3,Revenge of the Nerds IV: Nerds in Love,Carver Krzysztofiak,Hegmann-Upton,2009,29
985646065-4,Socialism (Film socialisme),Fran Clubley,"Rowe, Beier and Dickens",2000,73
745939633-8,G-Force,Rodge Nottram,Parker-Kiehn,1998,64
072560504-9,Battle of Los Angeles,Angie Rowles,Wuckert-Cartwright,1993,61
241836352-X,Mamma Roma,Chucho Rauprich,Moen LLC,2010,11
664445846-7,Hellraiser: Bloodline,Kaila Birrell,Bogan Group,2011,19
503298113-3,Nevada Smith,Jeremiah Blackney,"Steuber, Nikolaus and Hagenes",2005,73
255276464-9,"Wedding Song, The ",Ragnar Asipenko,Schmeler-Carroll,2002,35
536275950-7,Romeo and Juliet,Michaela Coldtart,Thiel LLC,1992,9
289691753-5,Miral,Tiler Cisson,Mertz-Fisher,2011,99
067295853-8,"Greystoke: The Legend of Tarzan, Lord of the Apes",Gordan Muscat,Hirthe-Bauch,1999,87
198561333-6,From Beijing with Love,Marie-jeanne Oldland,Adams-Hermann,1985,14
017288996-0,Torrente 5: Operación Eurovegas,Claudina Trustrie,"Stoltenberg, Kilback and Monahan",2000,51
795180308-1,Daens,Leslie Speedy,"Block, Pouros and Toy",1987,35
356268205-0,Vehicle 19,Paulina Sewall,Gottlieb and Sons,1985,64
320439558-8,"Hawaii, Oslo",Wittie Lytell,Hauck and Sons,1965,92
328421301-5,Heartbeeps,Patrizia Senescall,Schneider-Wyman,2008,21
806567094-6,Prizzi's Honor,Laurie Stranahan,"Johnston, Kirlin and Douglas",2010,74
439341480-2,Queen of Blood,Dillie Bowker,Blick LLC,1996,68
961963957-X,"Black Power Mixtape 1967-1975, The",Aguie Cheesman,Murray-Sipes,1993,35
821622859-7,Mulberry Street,Kasper Northway,"Langworth, Cummerata and Boyle",1993,30
482773088-1,Francis,Harlen Taunton,"Howell, O'Keefe and Abernathy",1994,14
739047719-9,Stargate: Continuum,Lidia Sneaker,Kerluke-Bogisich,1992,22
685402519-2,"Caine Mutiny, The",Sherry Keuneke,Mueller-Kemmer,1990,4
703393908-6,Gods and Generals,Esme Marmion,Maggio-Nienow,1999,72
227095332-0,Class Reunion,Bernard Di Biasio,Kreiger-Marvin,1992,19
899399319-X,Deepstar Six,Bartie Wimes,Torp-Hirthe,2011,9
794344586-4,"Time Machine, The",Karlik MacRierie,Prohaska-Kuhlman,1988,24
899182163-4,Sione's Wedding (Samoan Wedding),Jarrad Hrihorovich,O'Conner-MacGyver,2007,44
312625090-4,Life Stinks,Gerald Fidelus,"Leffler, Gorczany and Sporer",2005,34
759039878-0,Catwoman,Robby Cordelette,Goldner LLC,1985,50
137670606-7,Death and Cremation,Drake Harken,"Bogan, Konopelski and Denesik",2008,90
876530696-1,Abbott and Costello Go to Mars,Marrissa Dutteridge,Cassin and Sons,1926,55
470271544-5,Purple Butterfly (Zi hudie),Lisbeth Jeffcoat,"Labadie, Hackett and Hoppe",2008,50
934178328-3,Dutchman,Ruttger Chatin,"Lindgren, Schmidt and Champlin",2004,98
884540523-0,"Outlaw Josey Wales, The",Land Blackborne,"Kihn, Bednar and Bergstrom",2004,95
858514046-1,Pokémon Heroes,Zandra Reichardt,Reinger-Keebler,1995,17
913454882-3,"Marine, The",Elvis Payton,"Rippin, Davis and Gottlieb",2003,60
746927073-6,Daddy Day Care,Timothy Reide,McDermott Inc,1993,90
280593025-8,"Confessional, The (Confessionnal, Le)",Dru Skentelbury,"Wiza, Schaden and Jenkins",1994,23
676162593-9,"Actress, The",Willdon Herries,"Schumm, Weber and Jacobi",2002,79
594668868-5,Water for Elephants,Aloysia Barron,Swift-Roob,2002,10
172077643-1,"Stone Angel, The",Gualterio Twine,Kub Inc,2004,61
732561238-9,On the Ropes,Melisenda Basnett,"Wisozk, Lockman and Predovic",2001,32
